UDI,Product ID,Type,Air temperature [K],Process temperature [K],Rotational speed [rpm],Torque [Nm],Tool wear [min]
6253,L53432,L,300.8,310.3,1538,36.1,198
4685,M19544,M,303.6,311.8,1421,44.8,101
1732,M16591,M,298.3,307.9,1485,42.0,117
4743,L51922,L,303.3,311.3,1592,33.7,14
4522,L51701,L,302.4,310.4,1865,23.9,129
6341,H35754,H,300.5,309.9,1397,45.9,210
577,H29990,H,297.7,309.7,1440,51.1,191
5203,L52382,L,303.7,312.7,1335,51.1,161
6364,M21223,M,300.0,309.6,1618,36.2,53
440,M15299,M,297.4,308.3,1535,34.6,51
2751,H32164,H,299.7,309.2,1456,40.6,182
7488,L54667,L,300.3,311.7,1707,33.6,158
5273,M20132,M,303.6,313.0,1396,38.2,117
5654,L52833,L,302.4,311.7,1495,36.8,215
4000,L51179,L,302.0,311.0,1420,45.9,144
6034,L53213,L,300.6,310.9,1471,37.9,86
583,L47762,L,297.8,309.7,1341,49.2,208
9931,L57110,L,298.3,308.3,1452,45.5,63
7052,L54231,L,300.6,310.4,1556,37.7,122
8159,L55338,L,299.6,310.8,1400,40.8,118
9897,M24756,M,298.8,309.3,1618,35.1,173
2250,L49429,L,299.2,308.5,1442,46.5,11
4641,L51820,L,303.1,311.2,1435,40.1,219
9486,L56665,L,298.9,309.6,1589,34.2,197
4948,L52127,L,303.7,312.7,1395,53.9,123
9921,H39334,H,298.5,308.7,1450,43.9,28
1964,L49143,L,297.7,307.5,1379,43.3,111
8244,H37657,H,299.1,310.4,1369,54.5,104
6591,L53770,L,301.7,310.7,1763,25.9,3
8848,L56027,L,297.5,308.9,1443,43.5,0
322,L47501,L,297.8,308.4,1518,32.5,190
2679,L49858,L,299.8,309.6,1447,43.1,12
4626,L51805,L,303.0,311.2,1511,45.7,184
4950,M19809,M,303.8,312.7,1555,33.4,128
8329,L55508,L,298.6,309.5,1325,52.2,127
3338,L50517,L,301.6,310.8,1564,34.1,150
5590,M20449,M,302.5,311.9,1298,57.5,57
252,M15111,M,298.0,308.2,1466,42.6,2
3974,L51153,L,302.3,311.4,1535,41.8,77
6631,M21490,M,301.6,310.5,1414,49.3,106
5548,M20407,M,302.3,311.7,1540,28.9,149
36,M14895,M,298.8,309.2,1452,48.6,98
8363,L55542,L,298.6,309.6,1353,62.5,9
1514,L48693,L,298.1,308.7,1568,32.9,10
9318,L56497,L,298.5,309.5,1480,38.1,160
40,L47219,L,298.8,309.1,1350,52.5,111
4820,L51999,L,303.6,312.2,1696,30.7,5
3466,M18325,M,301.8,310.7,1383,45.7,44
1761,L48940,L,298.1,307.5,1684,33.1,200
2305,L49484,L,299.1,308.5,1455,39.8,145
3724,L50903,L,302.3,311.2,1758,24.4,68
8285,L55464,L,298.8,310.6,1651,33.3,0
4994,L52173,L,303.8,312.9,1819,23.7,16
8128,M22987,M,300.1,311.3,1650,33.8,38
3033,M17892,M,300.6,309.8,1447,42.9,12
7939,L55118,L,300.8,311.7,1681,31.3,221
3040,M17899,M,300.3,309.5,1665,31.4,32
9656,H39069,H,299.1,310.0,1431,49.5,205
2546,M17405,M,299.2,309.0,1541,36.3,104
2593,L49772,L,298.9,308.6,1539,45.4,4
1189,L48368,L,297.3,308.4,1339,52.1,36
7967,L55146,L,301.0,312.2,1602,35.9,67
6078,L53257,L,300.9,310.7,1479,43.3,201
108,M14967,M,298.8,308.8,1497,46.8,72
1316,L48495,L,299.0,310.3,1520,45.0,171
8188,L55367,L,299.6,310.9,1448,46.3,196
2754,L49933,L,299.7,309.1,1715,27.8,192
9754,L56933,L,298.5,309.8,1593,35.1,203
6232,M21091,M,301.3,311.0,1495,40.8,148
2877,M17736,M,300.5,309.3,1578,30.5,34
5324,M20183,M,303.4,312.7,1399,48.4,34
800,M15659,M,297.0,307.8,1579,34.1,94
3571,H32984,H,301.8,310.6,1441,46.3,100
2895,L50074,L,300.7,309.6,1733,24.8,85
2928,M17787,M,300.7,309.6,1421,49.8,165
8179,L55358,L,299.7,311.2,1352,52.1,176
972,L48151,L,295.9,306.6,1557,41.1,113
6688,L53867,L,301.7,311.0,1700,28.7,19
8576,M23435,M,297.6,308.3,1648,29.1,134
2021,H31434,H,298.7,308.4,1560,33.3,53
9055,M23914,M,297.3,308.4,1521,38.2,87
953,L48132,L,295.5,306.2,1448,48.9,65
5360,M20219,M,303.3,312.6,1397,47.1,137
3858,H33271,H,302.4,311.2,1506,40.8,204
5862,L53041,L,301.3,311.0,1554,47.7,84
3146,M18005,M,300.5,310.0,1415,43.5,98
3306,M18165,M,301.3,310.4,1577,48.3,78
3007,L50186,L,300.4,309.7,1488,35.7,177
9002,L56181,L,297.0,307.8,1500,39.9,175
7771,L54950,L,300.3,311.5,1548,32.2,25
7439,L54618,L,299.9,311.3,1647,27.5,26
7943,L55122,L,300.8,311.7,1432,45.8,6
9239,M24098,M,298.2,308.8,1456,41.2,150
1057,L48236,L,296.8,307.8,1565,39.5,124
3155,L50334,L,300.4,309.7,1534,42.5,127
3788,L50967,L,302.3,310.8,1377,47.3,22
9190,L56369,L,297.9,309.1,1595,32.0,32
7826,M22685,M,299.9,311.2,1579,35.5,162
7540,L54719,L,300.2,311.3,1487,36.9,71
7232,L54411,L,299.8,309.9,1553,36.6,157
765,L47944,L,296.8,307.9,1337,56.5,5
5020,M19879,M,304.0,313.1,1466,39.5,83
4904,L52083,L,303.6,312.4,2232,16.8,0
8094,L55273,L,300.2,311.6,1511,35.7,160
6844,L54023,L,301.3,311.3,1509,42.5,213
2166,L49345,L,299.5,309.1,1476,47.8,223
1863,L49042,L,297.9,307.7,1517,44.4,67
7851,M22710,M,300.3,311.7,1447,36.8,0
9124,L56303,L,297.4,308.5,1462,42.8,68
2341,L49520,L,299.1,308.1,1479,40.7,10
5528,M20387,M,302.5,311.9,1532,38.8,96
6744,L53923,L,301.7,311.2,1418,38.0,166
4004,L51183,L,302.1,311.2,1519,39.3,155
1124,H30537,H,296.6,307.7,1386,62.3,100
8710,L55889,L,297.1,308.5,1578,35.6,46
4050,L51229,L,301.8,310.8,1505,41.2,33
7641,L54820,L,300.4,311.3,1608,35.1,114
766,L47945,L,296.9,308.0,1332,53.9,7
2345,M17204,M,299.2,308.3,1755,26.4,19
4072,L51251,L,301.9,310.6,1331,68.6,85
7217,M22076,M,300.0,309.9,1651,28.1,114
4217,L51396,L,301.9,310.7,1370,50.3,20
7953,M22812,M,300.9,311.9,1480,40.9,28
5971,L53150,L,300.4,310.8,1520,37.6,151
3351,L50530,L,301.4,310.8,1285,62.6,183
4696,L51875,L,303.3,311.6,1514,34.7,130
3400,L50579,L,301.4,310.7,1605,34.2,94
4082,L51261,L,302.0,310.4,1336,58.2,110
9150,M24009,M,297.5,308.6,1429,50.5,129
1225,L48404,L,297.1,308.3,1763,25.7,139
6293,L53472,L,301.0,310.4,1614,31.6,84
3123,L50302,L,300.0,309.3,1473,46.0,35
511,L47690,L,297.5,309.3,1564,37.5,20
5795,M20654,M,301.9,311.5,1492,40.8,150
8182,L55361,L,299.7,311.2,1835,23.7,183
9418,H38831,H,298.1,308.4,1515,43.8,6
97,M14956,M,299.0,309.0,1575,35.3,47
6682,L53861,L,301.4,310.7,1425,45.1,7
1513,H30926,H,298.0,308.7,1503,36.3,5
8792,M23651,M,297.4,308.5,1412,45.5,49
120,L47299,L,298.7,308.5,1467,40.7,106
7792,L54971,L,300.1,311.4,1418,47.7,73
6518,L53697,L,301.1,310.1,1540,36.6,28
34,L47213,L,298.9,309.3,1665,32.5,93
7888,L55067,L,300.7,312.4,1590,37.9,98
6831,M21690,M,301.0,310.9,1359,53.4,180
5422,M20281,M,302.6,312.3,1566,36.6,46
1069,L48248,L,296.8,307.8,1394,47.7,155
1348,L48527,L,298.7,310.2,1717,27.3,26
4748,L51927,L,303.3,311.2,1763,27.3,27
6006,L53185,L,300.6,310.5,1570,38.3,14
6040,L53219,L,300.6,310.9,1433,42.6,101
3818,M18677,M,302.1,310.6,1421,52.0,95
8447,L55626,L,298.5,309.9,1482,42.1,15
5270,L52449,L,303.5,312.9,1504,44.8,111
6898,L54077,L,301.0,311.6,1352,63.5,143
5310,M20169,M,303.9,313.2,1422,48.0,215
32,L47211,L,299.0,309.4,1798,25.5,89
5675,M20534,M,302.2,311.7,1393,42.5,53
4387,L51566,L,301.9,309.7,1719,31.9,0
30,L47209,L,299.0,309.4,1693,30.1,84
4203,L51382,L,302.4,311.0,1555,40.6,205
7508,L54687,L,300.5,311.9,1750,28.3,207
736,L47915,L,296.9,308.4,1557,32.4,173
2068,L49247,L,299.7,309.6,1553,36.8,174
107,L47286,L,298.8,308.7,1445,48.5,70
9645,L56824,L,299.3,310.4,1629,32.6,177
8895,M23754,M,297.5,308.7,1546,38.0,123
8021,H37434,H,300.9,312.0,1720,27.9,202
2233,L49412,L,299.5,308.6,1672,30.5,177
994,M15853,M,296.1,307.1,1485,36.0,169
9413,L56592,L,298.0,308.5,1702,26.7,203
7059,L54238,L,300.7,310.6,1520,45.9,146
6790,M21649,M,301.1,310.5,1646,30.7,76
361,M15220,M,297.5,308.3,1521,38.2,74
305,L47484,L,297.8,308.4,1737,27.5,146
2628,M17487,M,299.8,309.6,1346,53.2,95
8966,L56145,L,297.1,307.9,1496,44.7,88
4514,L51693,L,302.4,310.3,1900,24.4,113
5911,M20770,M,300.8,310.3,1458,43.4,0
8314,M23173,M,298.8,310.0,1484,44.9,80
3101,L50280,L,299.8,309.1,1578,42.1,191
5704,H35117,H,302.3,311.7,1456,45.4,130
3899,M18758,M,302.1,311.1,1423,36.8,80
5441,H34854,H,303.0,312.5,1698,30.0,89
7931,L55110,L,300.6,311.6,1455,48.0,203
622,L47801,L,298.3,310.1,1408,45.3,78
7236,L54415,L,299.8,310.0,1361,53.8,167
2499,L49678,L,299.1,308.9,1467,47.2,218
714,L47893,L,297.4,308.6,1439,46.4,114
8404,L55583,L,298.5,309.6,1462,45.1,115
2856,L50035,L,300.5,309.3,1528,37.0,221
4270,L51449,L,302.6,311.0,1610,39.2,152
2909,L50088,L,300.7,309.5,1251,59.9,120
8081,H37494,H,300.2,311.5,1432,43.6,127
4517,L51696,L,302.5,310.3,1539,39.0,119
1262,H30675,H,297.6,309.0,1885,25.2,24
3161,M18020,M,300.4,309.7,1367,51.2,143
971,L48150,L,295.8,306.5,1568,35.1,111
3913,L51092,L,302.4,311.4,1475,40.4,126
5199,L52378,L,303.8,312.8,1428,53.3,152
8847,M23706,M,297.4,308.8,1325,62.4,204
260,M15119,M,298.1,308.2,1420,63.9,19
3791,L50970,L,302.3,310.9,1412,48.9,28
9203,L56382,L,297.8,308.8,1548,36.9,64
488,M15347,M,297.4,309.1,1463,35.0,183
7908,L55087,L,300.8,312.3,1858,26.3,144
519,L47698,L,297.6,309.5,1924,20.6,37
8343,L55522,L,298.7,309.7,1510,40.6,162
312,M15171,M,298.0,308.6,1453,44.1,165
3232,L50411,L,300.7,309.3,1425,45.3,100
7933,L55112,L,300.7,311.8,1478,41.9,207
7458,L54637,L,300.1,311.6,1530,36.6,74
9784,H39197,H,298.8,309.9,1466,44.6,66
5184,M20043,M,303.9,313.0,1901,22.5,110
8077,L55256,L,300.3,311.8,1360,48.0,119
6502,M21361,M,300.9,310.0,1600,36.0,204
6791,M21650,M,301.1,310.7,2219,16.7,79
7773,H37186,H,300.3,311.5,1464,41.0,29
2738,M17597,M,299.7,309.1,1508,41.2,152
7842,L55021,L,300.1,311.5,1471,47.2,201
6262,L53441,L,301.1,310.6,1417,47.6,10
8206,M23065,M,299.4,310.9,1446,47.3,12
1248,L48427,L,297.2,308.5,1513,42.9,212
9336,L56515,L,298.4,308.9,1501,50.0,203
4195,L51374,L,302.4,311.0,1423,46.2,186
8001,M22860,M,300.8,312.0,1443,53.3,151
7378,L54557,L,299.5,310.0,1349,52.7,92
3435,M18294,M,301.5,310.5,1412,44.1,184
5382,L52561,L,302.8,312.4,1651,27.0,200
959,L48138,L,295.8,306.4,1399,47.6,84
417,L47596,L,297.4,308.5,1495,37.8,211
5742,M20601,M,302.3,311.7,1483,40.5,8
6728,L53907,L,301.5,310.8,1785,25.5,120
4382,L51561,L,301.9,309.6,1446,43.2,225
5197,H34610,H,303.9,313.0,1517,36.0,142
1113,M15972,M,296.5,307.4,1350,55.6,69
2689,L49868,L,299.9,309.4,1322,53.9,33
6473,H35886,H,300.4,309.6,1571,33.6,126
8820,H38233,H,297.4,308.7,1349,48.9,120
7808,M22667,M,300.0,311.5,1451,49.0,115
3411,L50590,L,301.2,310.3,1451,39.7,123
81,H29494,H,298.8,308.8,1445,49.9,4
4614,L51793,L,303.1,311.3,1403,55.6,150
1374,M16233,M,298.8,310.3,1366,59.0,94
1510,L48689,L,298.0,308.5,1429,37.7,220
6443,L53622,L,300.7,310.2,1348,54.8,50
3071,L50250,L,300.0,309.1,1631,28.3,110
3016,L50195,L,300.5,309.7,1589,30.5,198
4823,L52002,L,303.5,311.9,1565,38.9,12
7822,L55001,L,299.9,311.3,1802,24.4,151
93,M14952,M,298.9,308.9,1727,27.1,37
9421,L56600,L,298.0,308.4,1472,42.0,15
6600,L53779,L,301.6,310.7,1494,39.5,24
4443,L51622,L,302.5,310.2,1563,34.8,150
7602,L54781,L,300.4,311.2,1351,62.0,18
3835,M18694,M,302.3,311.1,1295,57.1,146
9702,L56881,L,298.8,309.8,1485,42.4,74
4322,L51501,L,301.7,310.2,1686,28.9,59
3394,L50573,L,301.5,310.6,1490,48.1,81
4752,L51931,L,303.3,311.4,1510,37.3,36
7229,H36642,H,299.8,309.7,1368,47.4,148
9191,M24050,M,298.0,309.0,1439,38.5,34
2361,H31774,H,299.2,308.4,1388,53.2,59
1148,M16007,M,297.1,308.0,1690,25.6,159
5666,L52845,L,302.3,311.4,1845,21.9,27
8075,L55254,L,300.4,312.0,1631,34.9,115
4943,L52122,L,303.5,312.6,1602,34.2,108
3663,M18522,M,302.3,311.7,1517,37.6,124
1563,L48742,L,298.2,308.3,2216,16.8,139
4113,H33526,H,301.9,310.5,1472,39.7,187
9050,L56229,L,297.3,308.5,1545,34.3,74
9276,L56455,L,298.2,308.7,1605,29.4,47
8538,L55717,L,298.6,309.5,1730,30.2,41
795,H30208,H,296.9,307.9,1547,32.6,79
5854,L53033,L,301.2,311.0,1567,35.1,64
7619,M22478,M,300.5,311.4,1312,51.4,60
1594,L48773,L,298.0,308.3,1544,34.7,213
7418,M22277,M,300.1,311.3,1495,41.0,193
5267,M20126,M,303.4,312.8,1518,38.7,103
7147,L54326,L,300.4,309.9,1496,31.8,154
89,M14948,M,299.0,309.0,1419,45.2,27
8695,L55874,L,297.2,308.5,1766,25.8,7
9732,L56911,L,298.8,310.0,1389,49.6,149
9446,M24305,M,298.2,309.0,1446,45.8,80
6754,L53933,L,301.6,310.9,1385,50.7,195
3502,H32915,H,301.9,311.0,1291,63.6,137
2234,L49413,L,299.5,308.7,2549,13.0,179
2803,M17662,M,300.3,309.6,1509,46.6,95
4424,M19283,M,302.6,310.2,1563,39.0,97
5663,L52842,L,302.2,311.5,1616,34.0,19
7170,L54349,L,300.3,310.2,1492,52.3,2
8337,L55516,L,298.9,309.7,1449,48.8,147
2148,L49327,L,299.4,308.9,1550,33.7,174
7969,L55148,L,300.9,312.2,1811,23.2,72
6551,L53730,L,301.3,310.7,1516,46.0,119
7643,M22502,M,300.4,311.4,1604,31.7,119
6164,L53343,L,300.8,310.7,1358,48.1,198
1495,M16354,M,298.0,308.7,1377,48.5,181
7696,L54875,L,300.6,311.7,1488,47.7,22
7094,H36507,H,300.7,310.3,1369,50.7,12
1409,L48588,L,298.9,310.0,1452,48.9,185
6691,L53870,L,301.7,311.0,1343,49.2,25
3401,H32814,H,301.4,310.7,1536,44.4,96
109,H29522,H,298.9,308.8,1621,32.7,75
5636,L52815,L,302.6,312.1,1502,47.3,171
8482,M23341,M,298.3,309.4,1595,29.0,103
6604,M21463,M,301.5,310.6,1403,47.4,34
1091,L48270,L,296.9,307.7,1464,41.4,6
5560,M20419,M,302.5,312.0,1451,43.2,189
9412,L56591,L,298.0,308.5,1404,46.6,201
8143,M23002,M,299.7,311.0,1448,49.8,80
8664,L55843,L,297.5,308.6,1671,29.4,136
6596,M21455,M,301.5,310.7,1460,38.6,14
624,L47803,L,298.4,310.1,1926,23.7,83
6871,H36284,H,301.0,311.3,1597,39.2,66
4814,M19673,M,303.3,311.8,1536,40.6,205
6553,L53732,L,301.4,310.7,1786,26.1,123
7530,L54709,L,300.1,311.4,1467,35.7,45
5796,M20655,M,301.9,311.4,1465,39.9,153
7437,L54616,L,300.0,311.4,1487,41.2,22
4218,L51397,L,301.9,310.6,1462,38.8,22
5941,M20800,M,300.6,310.6,1427,52.8,75
8501,L55680,L,298.3,309.5,1711,30.3,148
6429,M21288,M,300.2,309.8,1743,24.1,18
6827,L54006,L,301.0,310.9,1822,21.6,168
4131,L51310,L,301.9,310.4,1286,62.8,22
7802,L54981,L,300.0,311.4,1383,49.6,101
7754,M22613,M,300.5,311.8,1591,42.0,182
4722,L51901,L,303.5,311.8,1927,21.9,195
1651,M16510,M,298.0,307.9,1417,51.0,137
4141,L51320,L,301.7,310.2,1331,61.2,47
1618,L48797,L,297.8,307.8,1563,34.3,53
2030,L49209,L,298.7,308.5,1668,35.2,77
8518,M23377,M,298.3,309.6,1469,54.8,191
4576,M19435,M,302.9,311.0,1437,49.9,55
3993,L51172,L,302.3,311.3,1614,34.1,129
7377,L54556,L,299.5,310.0,1481,43.1,90
6150,M21009,M,301.0,311.1,1420,47.4,167
4909,M19768,M,303.6,312.5,1459,48.2,17
5027,L52206,L,303.9,313.2,1481,40.0,100
8261,H37674,H,299.1,310.6,1332,48.0,148
4732,L51911,L,303.3,311.6,1301,45.1,219
7549,L54728,L,300.2,311.4,1495,43.6,95
8135,L55314,L,299.7,311.1,1650,32.4,60
1607,L48786,L,297.8,307.7,1505,39.7,25
4774,L51953,L,303.6,312.0,1391,50.3,101
8110,L55289,L,300.3,311.7,1821,26.3,202
6952,L54131,L,300.8,311.3,1524,43.5,71
6005,L53184,L,300.5,310.4,1761,26.5,12
7729,L54908,L,300.7,311.8,1420,47.0,119
3542,L50721,L,301.8,310.8,1546,43.4,29
389,L47568,L,297.6,308.7,1455,48.2,145
1795,M16654,M,298.1,307.8,1514,43.5,78
8732,H38145,H,297.2,308.6,1486,46.6,98
4920,L52099,L,303.3,312.2,1506,40.0,50
5538,L52717,L,302.4,311.8,1648,30.0,122
3873,L51052,L,302.7,311.9,1389,46.5,15
8869,L56048,L,297.9,309.0,1456,46.5,52
2255,L49434,L,299.1,308.3,1325,46.9,28
3413,L50592,L,301.3,310.3,1313,55.6,127
5460,L52639,L,303.1,312.5,1453,49.1,140
4956,M19815,M,303.8,312.5,1366,45.1,143
7397,L54576,L,299.7,310.6,1616,35.1,142
5415,L52594,L,302.6,312.3,1534,34.3,31
7400,L54579,L,299.6,310.6,1642,35.1,149
7415,L54594,L,300.1,311.1,1619,33.4,186
9101,L56280,L,297.3,308.2,1446,53.5,7
4852,L52031,L,303.7,312.1,1363,51.8,90
2026,L49205,L,298.7,308.5,1469,39.9,67
2616,L49795,L,299.3,309.0,1516,38.7,64
7389,M22248,M,299.8,310.6,1694,31.3,121
2927,L50106,L,300.7,309.7,1507,52.4,163
1122,L48301,L,296.6,307.6,1459,40.2,96
2911,L50090,L,300.6,309.5,1576,38.8,124
8147,L55326,L,299.6,310.9,1533,31.8,91
7384,M22243,M,299.7,310.4,1410,44.5,105
3483,L50662,L,301.9,310.8,1540,37.6,83
796,L47975,L,296.9,307.8,1605,37.0,84
1576,L48755,L,298.2,308.3,2057,18.0,168
6177,L53356,L,301.0,310.9,1515,37.3,6
6267,L53446,L,300.8,310.4,1368,46.8,21
2459,L49638,L,299.0,308.6,1434,45.9,108
3313,L50492,L,301.4,310.4,1639,28.9,94
1254,L48433,L,297.5,308.8,1309,57.3,0
6835,L54014,L,301.1,311.0,1378,51.1,190
8795,M23654,M,297.4,308.5,1497,36.4,56
3838,L51017,L,302.4,311.2,1450,47.9,154
4399,M19258,M,302.3,310.1,1563,37.8,31
3596,L50775,L,301.6,310.4,1517,41.1,167
6622,M21481,M,301.7,310.7,1861,21.8,84
8383,L55562,L,298.9,310.0,1719,27.3,58
2125,L49304,L,299.2,308.9,1430,39.1,117
3239,M18098,M,300.9,309.4,1724,25.6,119
5404,L52583,L,302.7,312.3,1858,25.4,2
5999,M20858,M,300.4,310.2,1613,36.9,231
5939,L53118,L,300.5,310.4,1702,33.1,71
2046,M16905,M,299.3,309.1,1703,31.3,120
1579,L48758,L,298.3,308.4,1593,37.0,174
15,L47194,L,298.6,309.2,2035,19.6,40
2674,L49853,L,299.8,309.4,1480,40.9,2
7017,L54196,L,300.6,310.5,1509,43.1,31
8721,L55900,L,297.3,308.8,1554,36.1,70
8850,L56029,L,297.5,308.9,1596,30.7,5
4813,L51992,L,303.4,311.9,1531,37.9,203
1085,M15944,M,297.0,307.7,1498,47.1,199
4984,L52163,L,303.8,313.1,1869,25.8,211
7156,M22015,M,300.2,309.9,1569,31.2,176
2885,L50064,L,300.6,309.6,1409,42.4,57
334,L47513,L,297.5,308.2,1647,31.3,3
7205,L54384,L,299.8,309.6,1526,41.7,85
4368,H33781,H,302.0,309.9,1447,42.8,185
3080,L50259,L,300.1,309.3,1340,56.0,130
7204,M22063,M,299.8,309.6,1434,48.0,82
9910,L57089,L,298.7,309.1,1607,32.7,2
8865,M23724,M,298.0,309.1,1574,34.8,40
264,M15123,M,298.0,308.1,1587,32.3,30
4338,L51517,L,301.6,309.9,1440,43.4,100
8896,H38309,H,297.4,308.6,1461,40.1,126
8448,L55627,L,298.6,310.1,1439,49.9,17
5904,L53083,L,300.9,310.5,1894,21.9,188
1499,L48678,L,298.0,308.8,1790,27.2,193
4191,H33604,H,302.4,310.9,1444,40.7,174
7486,L54665,L,300.3,311.6,1595,38.8,154
9644,L56823,L,299.4,310.4,1509,40.6,175
8311,L55490,L,298.7,309.9,1465,39.7,72
7591,M22450,M,300.4,311.0,1433,46.1,199
501,M15360,M,297.5,309.2,1804,27.4,215
9156,L56335,L,297.5,308.5,1340,57.4,143
9415,L56594,L,298.1,308.6,1354,53.9,207
3096,M17955,M,299.9,309.2,1574,36.5,177
4632,L51811,L,303.0,311.2,1383,44.6,198
368,M15227,M,297.6,308.4,1569,38.3,93
4059,M18918,M,302.0,310.9,1456,47.2,54
8175,L55354,L,299.9,311.3,1371,52.3,167
4631,L51810,L,302.9,311.2,1751,23.8,196
6071,L53250,L,300.9,310.9,1615,32.0,183
2665,M17524,M,299.9,309.4,1487,42.2,198
1027,L48206,L,296.4,307.4,1512,36.8,46
5909,M20768,M,300.8,310.3,1526,36.3,205
5051,H34464,H,304.0,313.0,1701,30.4,171
6329,L53508,L,300.7,310.0,1672,29.7,176
9734,M24593,M,298.9,310.1,1442,42.9,153
1692,L48871,L,297.9,307.5,1602,38.3,21
674,L47853,L,297.6,308.9,1449,47.7,209
5573,L52752,L,302.4,312.0,1545,36.4,12
5767,M20626,M,301.7,311.2,1413,42.6,79
5157,L52336,L,304.2,313.4,1482,41.4,32
734,M15593,M,297.1,308.4,1421,42.0,165
3527,H32940,H,301.8,310.8,1470,37.6,204
569,L47748,L,297.8,309.7,1935,22.1,171
9188,L56367,L,297.9,309.0,1379,47.3,28
2923,L50102,L,300.8,309.7,1481,38.1,153
7912,L55091,L,300.7,312.1,1512,36.9,153
1559,M16418,M,298.2,308.3,1476,43.5,129
102,L47281,L,298.8,308.8,1991,20.7,59
3008,L50187,L,300.4,309.7,1314,50.2,179
7202,L54381,L,300.0,309.8,1474,40.6,78
304,M15163,M,297.8,308.4,1479,43.5,143
77,L47256,L,298.8,308.9,1461,47.9,206
6755,L53934,L,301.8,311.1,1495,36.9,197
8630,H38043,H,297.5,308.5,1557,39.1,47
1209,L48388,L,297.0,308.1,1489,44.1,96
7743,M22602,M,300.5,311.9,1323,57.9,155
8215,L55394,L,299.2,310.5,1391,45.8,38
8945,L56124,L,297.3,308.3,1471,38.2,37
8414,M23273,M,298.6,309.7,1422,49.7,139
1776,L48955,L,298.5,308.0,1404,48.1,32
3474,M18333,M,301.8,310.8,1691,33.4,62
484,L47663,L,297.4,309.0,1324,56.9,173
2190,H31603,H,299.7,309.2,1554,41.6,62
347,M15206,M,297.5,308.3,1459,45.2,34
5482,L52661,L,302.6,312.0,1781,28.5,196
8362,L55541,L,298.6,309.5,1450,44.3,7
1473,M16332,M,298.5,309.6,1438,44.5,124
5101,M19960,M,304.2,313.5,1437,47.2,102
6766,L53945,L,301.5,310.9,1580,32.3,11
8707,L55886,L,297.2,308.6,1335,53.0,39
4930,L52109,L,303.5,312.4,1340,44.5,76
6330,M21189,M,300.7,310.0,1641,34.6,178
2610,L49789,L,299.4,309.2,1621,34.5,48
4,L47183,L,298.2,308.6,1433,39.5,7
2214,L49393,L,299.7,309.1,1473,39.4,125
4828,L52007,L,303.4,311.8,1438,58.9,22
857,L48036,L,296.1,307.1,1898,22.7,20
6978,L54157,L,300.7,311.1,2377,14.3,135
5886,L53065,L,301.3,311.1,1647,28.2,140
625,H30038,H,298.3,310.1,1509,37.6,85
291,L47470,L,298.1,308.4,1438,45.6,105
2019,L49198,L,298.7,308.5,1375,46.4,48
669,L47848,L,297.5,308.9,1738,24.0,195
8922,L56101,L,297.1,308.1,1633,33.3,192
8265,M23124,M,299.1,310.6,1397,49.5,165
9697,L56876,L,298.9,309.9,1404,39.8,62
1632,L48811,L,298.0,308.0,1433,39.2,87
5171,M20030,M,304.1,313.3,1480,38.4,72
7206,L54385,L,299.8,309.7,1483,39.6,87
2523,M17382,M,298.8,308.7,1543,38.2,44
2216,H31629,H,299.7,309.2,1468,49.6,132
6969,L54148,L,300.9,311.2,1789,25.5,114
6497,L53676,L,300.7,309.9,1815,27.0,190
6214,L53393,L,300.9,310.6,1552,34.9,95
7033,L54212,L,300.7,310.9,1723,31.0,73
7421,L54600,L,300.1,311.3,1547,40.0,201
1108,M15967,M,296.7,307.5,1515,42.1,55
451,M15310,M,297.6,308.7,1419,41.7,81
6290,L53469,L,301.0,310.5,1248,61.4,77
9967,L57146,L,298.3,307.9,1507,41.2,149
136,M14995,M,298.8,308.5,1711,28.5,140
1786,L48965,L,298.2,308.0,1538,38.2,59
3405,L50584,L,301.3,310.4,1695,30.9,108
2907,L50086,L,300.6,309.3,1409,38.7,115
8305,M23164,M,298.7,310.1,1506,50.7,53
7493,M22352,M,300.3,311.7,1319,51.4,170
6101,M20960,M,300.8,310.7,1886,21.1,44
4505,L51684,L,302.4,310.1,1645,31.6,93
5054,L52233,L,303.8,312.9,1514,34.3,180
5206,L52385,L,303.7,312.7,1468,43.3,168
4081,L51260,L,302.0,310.4,1357,58.0,108
6919,L54098,L,301.0,311.5,1559,31.8,195
6803,M21662,M,301.1,310.7,1621,31.0,108
5207,H34620,H,303.7,312.6,1711,27.6,170
533,L47712,L,297.5,309.4,1443,45.4,70
4831,L52010,L,303.5,312.0,1756,29.7,28
4039,L51218,L,302.0,310.9,1546,34.4,7
4085,L51264,L,302.0,310.4,1611,35.6,117
3205,L50384,L,300.1,309.0,1404,54.8,29
7111,M21970,M,300.8,310.4,1518,36.0,59
331,M15190,M,297.6,308.4,1398,41.9,215
4958,M19817,M,303.8,312.6,1768,23.9,149
3034,M17893,M,300.6,309.7,1934,22.8,15
7685,M22544,M,300.7,311.8,1407,42.4,224
1598,L48777,L,297.9,308.1,1531,40.8,2
9920,L57099,L,298.5,308.8,1305,58.7,26
3598,M18457,M,301.7,310.5,1724,33.0,171
9039,L56218,L,297.3,308.3,2358,14.9,49
8002,L55181,L,300.8,312.0,1374,50.2,154
591,L47770,L,297.5,309.4,1517,36.7,233
648,L47827,L,297.7,309.3,1559,36.9,145
9103,L56282,L,297.3,308.3,1494,38.2,14
8016,M22875,M,301.0,312.0,1558,37.5,190
3772,M18631,M,302.3,311.0,1384,49.7,192
9040,M23899,M,297.3,308.3,1341,51.9,51
5083,H34496,H,304.1,313.2,1590,43.4,52
7883,H37296,H,300.7,312.3,1670,27.3,81
9363,M24222,M,298.0,308.5,1682,33.0,58
4211,L51390,L,302.1,310.8,1565,35.3,6
8835,L56014,L,297.4,308.8,1473,46.2,167
8700,M23559,M,297.3,308.7,1655,34.1,21
1796,M16655,M,298.1,307.7,1498,38.3,81
2587,L49766,L,299.0,308.7,1537,42.8,202
8356,L55535,L,298.7,309.6,1502,46.7,198
2317,L49496,L,299.2,308.8,1542,39.2,179
4186,L51365,L,302.2,310.6,1348,48.4,161
8828,L56007,L,297.2,308.7,1463,49.9,146
7073,M21932,M,300.7,310.6,1439,41.7,184
5235,L52414,L,303.7,312.9,1461,50.1,31
8744,H38157,H,297.4,308.7,1323,51.1,130
8671,L55850,L,297.5,308.9,1581,30.4,155
4769,L51948,L,303.6,312.0,1309,52.9,86
9973,L57152,L,298.6,308.2,1390,51.4,168
7145,M22004,M,300.4,309.8,1517,40.3,149
2914,L50093,L,300.7,309.6,1541,34.6,131
9872,M24731,M,298.9,309.8,1947,21.7,105
9894,M24753,M,298.9,309.6,1284,55.3,166
2076,L49255,L,299.5,309.4,1390,58.8,195
4303,L51482,L,301.7,310.1,2695,12.6,10
5823,M20682,M,301.3,311.0,1463,50.2,214
2150,L49329,L,299.4,309.0,1613,32.2,178
145,M15004,M,298.6,308.4,1391,42.4,169
4964,L52143,L,303.9,312.7,1789,24.4,163
8160,H37573,H,299.6,310.9,1679,31.2,120
9031,M23890,M,297.5,308.4,1403,44.3,25
4776,L51955,L,303.5,312.0,1761,25.8,105
8934,M23793,M,297.3,308.3,1544,41.7,6
7750,L54929,L,300.4,311.6,1674,33.0,172
9829,L57008,L,298.4,309.4,1385,50.0,201
9215,L56394,L,298.0,308.9,1508,37.1,92
6061,L53240,L,301.0,311.1,1615,35.6,158
9476,L56655,L,298.8,309.6,1523,41.9,165
6410,L53589,L,300.3,310.0,1560,40.8,182
3318,L50497,L,301.5,310.5,1636,28.7,106
7465,L54644,L,300.1,311.3,1535,42.3,92
3062,L50241,L,300.1,309.1,1353,58.7,86
1356,M16215,M,298.6,310.0,1681,35.5,44
4515,L51694,L,302.4,310.3,1479,36.2,115
5506,L52685,L,302.8,312.2,1746,27.4,44
5251,L52430,L,303.5,312.9,1332,52.9,66
4512,L51691,L,302.5,310.2,1454,43.0,108
1731,M16590,M,298.3,307.8,1330,55.4,114
1759,L48938,L,298.1,307.4,1608,33.9,193
6651,L53830,L,301.6,310.4,1561,35.3,156
6647,L53826,L,301.5,310.5,1479,34.2,147
9861,H39274,H,298.7,309.6,1755,26.9,73
4140,H33553,H,301.7,310.2,1620,30.8,42
9394,H38807,H,297.7,308.2,1489,43.0,151
5124,M19983,M,304.2,313.5,1532,41.3,161
1,M14860,M,298.1,308.6,1551,42.8,0
1865,L49044,L,297.9,307.7,1546,37.6,72
544,H29957,H,297.5,309.3,1563,36.1,100
350,L47529,L,297.6,308.3,1595,34.3,41
6907,M21766,M,301.0,311.5,1530,43.9,165
9766,L56945,L,298.6,309.6,1472,39.1,14
2524,L49703,L,298.8,308.7,1635,35.2,47
3465,L50644,L,301.7,310.6,1303,59.7,42
458,L47637,L,297.4,308.6,1276,53.6,103
3024,L50203,L,300.4,309.5,1711,29.2,215
7262,L54441,L,300.4,310.5,1818,25.1,14
9516,L56695,L,299.0,310.2,1682,28.8,49
7873,L55052,L,300.6,312.3,1532,37.2,54
6626,M21485,M,301.6,310.7,1421,44.4,94
2535,L49714,L,298.9,308.7,1729,26.6,73
132,L47311,L,298.8,308.4,1737,27.7,130
3705,M18564,M,302.0,311.2,1400,49.5,20
1373,M16232,M,298.8,310.3,1573,41.8,91
6201,L53380,L,301.0,310.9,1679,29.8,64
4857,M19716,M,303.6,312.3,1698,31.3,100
4713,L51892,L,303.4,311.8,1564,35.9,171
5545,L52724,L,302.2,311.7,1471,45.6,140
1414,M16273,M,298.7,309.8,1528,36.7,197
4114,L51293,L,302.0,310.6,1325,55.3,192
656,L47835,L,297.7,309.1,1435,38.8,165
8138,H37551,H,299.5,310.8,1600,32.4,67
4099,L51278,L,302.0,310.3,1648,29.6,157
593,H30006,H,297.5,309.5,1668,27.9,240
8709,M23568,M,297.2,308.5,1364,54.0,43
3124,H32537,H,300.0,309.4,1498,38.5,37
3048,L50227,L,300.2,309.4,1558,38.3,51
3888,L51067,L,302.4,311.2,1448,50.5,53
5736,L52915,L,302.4,311.8,1673,30.1,210
2185,L49364,L,299.8,309.4,1475,43.4,51
2146,L49325,L,299.3,308.8,1550,45.8,170
7048,L54227,L,300.6,310.4,1401,42.6,114
3106,L50285,L,299.8,309.1,1612,35.4,205
9234,L56413,L,298.3,309.1,1403,45.1,138
9097,L56276,L,297.2,308.1,1712,30.9,204
2770,M17629,M,300.0,309.6,1477,38.1,13
5222,L52401,L,303.9,313.0,1626,31.4,209
5834,L53013,L,301.3,311.2,1457,44.5,14
1733,H31146,H,298.4,307.9,1700,28.2,120
266,L47445,L,298.0,308.1,1454,37.1,35
5145,L52324,L,304.4,313.7,1607,33.5,5
8268,L55447,L,299.2,310.7,1540,36.3,175
3938,L51117,L,302.5,311.5,1802,26.4,192
762,L47941,L,296.7,307.8,1646,34.6,238
7221,L54400,L,299.8,309.7,1429,42.6,127
8440,L55619,L,298.6,309.8,1637,34.6,207
3258,L50437,L,301.2,309.9,1984,19.7,169
4339,L51518,L,301.6,309.9,1397,43.7,102
4363,L51542,L,302.1,310.1,1447,46.6,169
317,L47496,L,297.8,308.4,1714,33.2,177
8070,M22929,M,300.5,311.9,1875,22.1,100
1852,M16711,M,297.7,307.3,1365,49.2,36
2485,H31898,H,298.8,308.6,1524,37.7,170
9874,L57053,L,298.9,309.8,1616,36.5,110
9575,H38988,H,299.7,310.8,1418,46.6,197
1079,H30492,H,296.9,307.7,1656,30.8,181
8359,L55538,L,298.7,309.7,1547,37.4,0
7334,M22193,M,299.9,310.4,1367,53.3,201
1072,L48251,L,296.9,307.8,1425,49.1,163
104,M14963,M,298.8,308.8,1441,40.5,63
5749,M20608,M,302.2,311.7,1576,34.0,28
1419,L48598,L,298.8,309.9,1320,47.4,210
1659,H31072,H,298.1,308.0,1570,35.3,159
5285,M20144,M,303.8,313.2,1732,29.6,147
1150,L48329,L,297.2,308.1,1446,38.5,164
7151,L54330,L,300.2,309.8,1401,49.3,163
1569,L48748,L,298.2,308.2,1407,47.1,153
1088,H30501,H,296.9,307.8,1549,35.8,206
6086,L53265,L,300.9,310.6,1538,36.7,3
8675,M23534,M,297.4,308.6,1528,29.1,163
8342,L55521,L,298.8,309.7,1751,29.6,160
7812,M22671,M,300.0,311.4,1466,39.0,125
6085,M20944,M,300.8,310.6,1505,36.2,0
8774,L55953,L,297.5,308.6,1585,37.6,2
8758,L55937,L,297.5,308.8,1587,34.9,166
1693,M16552,M,298.1,307.6,1764,27.7,23
4735,L51914,L,303.2,311.5,1507,39.2,225
3388,M18247,M,301.6,310.8,1290,65.3,63
3647,M18506,M,302.2,311.5,1863,25.7,85
1684,M16543,M,297.9,307.4,1403,52.8,0
9,M14868,M,298.3,308.7,1667,28.6,18
6063,M20922,M,301.1,311.2,1407,53.0,165
6517,H35930,H,301.1,310.0,1470,40.1,23
4124,M18983,M,302.1,310.6,1517,38.9,2
8730,L55909,L,297.3,308.7,1352,53.8,91
6046,L53225,L,300.8,310.9,1311,55.8,118
568,M15427,M,297.7,309.7,1680,30.2,168
9162,M24021,M,297.5,308.5,1612,30.0,163
1804,L48983,L,298.1,307.7,1388,40.3,109
8502,L55681,L,298.4,309.7,1581,34.6,150
4901,L52080,L,303.6,312.4,1388,41.9,221
1600,L48779,L,297.9,308.0,1490,46.2,6
7932,L55111,L,300.7,311.7,1499,38.4,205
9548,L56727,L,299.6,311.1,1679,30.7,129
2824,M17683,M,300.3,309.5,1320,62.2,142
5468,L52647,L,302.9,312.4,1383,51.4,160
3530,L50709,L,301.9,310.9,1567,39.0,214
8684,L55863,L,297.2,308.5,1447,47.9,188
1156,H30569,H,297.0,307.9,1846,27.3,179
6548,L53727,L,301.4,310.8,1740,29.2,110
9089,M23948,M,297.1,307.9,1662,26.9,183
7621,L54800,L,300.5,311.5,1651,36.9,65
8297,L55476,L,298.9,310.3,1436,39.0,32
4541,M19400,M,302.5,310.4,1580,35.6,176
9135,L56314,L,297.7,308.7,1449,40.2,95
6483,L53662,L,300.6,309.9,1480,43.7,153
5827,M20686,M,301.3,311.1,1492,41.2,223
1191,L48370,L,297.2,308.4,1460,42.1,41
7445,L54624,L,300.2,311.7,1286,55.1,42
8521,M23380,M,298.3,309.5,1543,49.9,199
961,L48140,L,295.8,306.5,1534,37.9,88
7455,L54634,L,300.2,311.6,1446,47.3,66
37,M14896,M,298.9,309.2,1581,36.7,101
7517,M22376,M,300.3,311.7,1236,57.5,12
7645,L54824,L,300.4,311.4,1424,44.6,127
4439,L51618,L,302.4,310.1,1418,52.3,141
6162,L53341,L,301.0,310.9,1479,44.3,194
7745,L54924,L,300.4,311.7,1314,59.5,160
9588,M24447,M,299.3,310.5,1462,40.5,24
8120,L55299,L,300.3,311.7,1333,55.2,18
6968,M21827,M,300.8,311.2,1365,51.7,111
5719,L52898,L,302.4,312.0,1621,32.5,169
578,L47757,L,297.7,309.7,1591,37.7,196
9834,L57013,L,298.3,309.1,1386,45.3,212
4103,L51282,L,302.0,310.4,1450,46.6,165
7647,L54826,L,300.4,311.4,1936,23.9,131
4152,M19011,M,301.9,310.4,1373,48.0,73
3131,L50310,L,300.1,309.6,1760,25.4,55
4891,L52070,L,303.7,312.4,1525,43.9,188
9976,M24835,M,298.6,308.3,1589,34.1,174
7472,L54651,L,300.3,311.7,1365,53.3,113
1834,L49013,L,297.8,307.3,1327,61.0,186
9149,L56328,L,297.6,308.6,1393,40.4,127
4892,M19751,M,303.7,312.3,1756,26.4,190
2288,L49467,L,299.4,308.6,1746,26.8,107
1331,L48510,L,298.9,310.2,1696,30.2,214
2772,L49951,L,299.9,309.5,1451,39.4,18
3687,L50866,L,302.0,311.1,1406,50.5,187
8284,H37697,H,298.9,310.6,1615,33.0,221
5929,M20788,M,300.2,310.1,1550,38.7,45
638,L47817,L,298.2,309.7,1585,37.4,118
48,L47227,L,298.8,309.1,1418,46.3,133
2603,L49782,L,299.4,309.2,1427,41.5,29
1966,L49145,L,297.8,307.5,1581,33.1,116
2169,M17028,M,299.5,309.1,1420,49.5,5
5050,H34463,H,304.0,313.1,1472,45.5,166
3335,M18194,M,301.6,310.8,1548,34.2,143
3020,L50199,L,300.5,309.8,1379,54.2,207
8765,L55944,L,297.4,308.8,1620,33.4,186
9177,L56356,L,297.8,308.9,1518,40.4,2
1361,H30774,H,298.8,310.2,1707,27.6,56
5799,L52978,L,301.5,310.9,1600,39.0,160
9401,L56580,L,297.7,308.2,1446,43.9,172
3252,L50431,L,301.1,309.6,1501,36.1,156
6301,L53480,L,301.2,310.7,1517,39.4,107
2252,H31665,H,299.1,308.3,1424,43.4,16
6028,M20887,M,300.7,311.0,1413,44.3,72
1176,M16035,M,297.2,308.3,1578,37.8,3
8800,L55979,L,297.3,308.4,1472,41.3,67
3280,L50459,L,301.2,309.9,1382,52.4,13
2974,M17833,M,300.6,309.3,1510,46.0,87
3397,M18256,M,301.4,310.6,1459,35.0,87
6940,M21799,M,300.7,311.3,1348,53.0,35
966,L48145,L,295.8,306.6,1508,46.5,99
8575,L55754,L,297.6,308.3,1424,53.9,132
743,L47922,L,296.8,308.2,1643,34.7,191
7515,L54694,L,300.4,311.8,1636,32.3,7
3315,L50494,L,301.4,310.5,1489,43.5,98
4899,H34312,H,303.6,312.4,1460,53.7,214
9341,H38754,H,298.4,308.9,1577,37.1,0
4673,L51852,L,303.3,311.5,1412,55.6,67
8619,L55798,L,297.7,308.7,1829,24.9,17
1218,L48397,L,297.0,308.1,1455,43.5,122
4398,L51577,L,302.4,310.2,1539,37.7,29
6081,L53260,L,300.9,310.7,1468,36.2,208
2615,L49794,L,299.3,309.1,1634,36.8,62
2621,L49800,L,299.4,309.2,1556,35.7,75
8715,M23574,M,297.2,308.6,1444,41.1,56
7283,L54462,L,300.0,310.2,1486,36.4,66
3380,M18239,M,301.4,310.7,1459,37.7,40
7302,L54481,L,300.1,310.4,1554,39.4,115
9858,M24717,M,298.6,309.5,1366,55.0,65
5606,L52785,L,302.9,312.2,1510,41.4,94
9814,L56993,L,298.3,309.1,1387,52.3,160
5787,L52966,L,301.7,311.2,1521,36.7,130
8519,M23378,M,298.3,309.6,1681,27.1,194
6851,M21710,M,301.0,311.2,1521,35.8,13
1517,L48696,L,298.2,308.9,1278,54.0,18
5099,L52278,L,304.2,313.4,1475,40.2,98
7637,L54816,L,300.4,311.5,1704,29.7,103
9086,H38499,H,297.1,307.9,1365,54.0,174
8024,H37437,H,300.9,312.0,1397,42.7,212
2393,L49572,L,299.2,308.5,1340,50.0,144
587,L47766,L,297.6,309.6,1501,49.8,222
3520,M18379,M,301.9,310.9,1569,32.5,188
7654,L54833,L,300.4,311.5,1492,44.6,149
8947,M23806,M,297.3,308.2,1846,24.5,41
851,L48030,L,296.3,307.3,1567,31.4,5
336,L47515,L,297.4,308.1,1749,25.9,8
6635,L53814,L,301.5,310.5,1396,44.5,117
8973,M23832,M,296.8,307.4,1455,49.9,102
7494,L54673,L,300.2,311.7,1448,54.2,173
2869,L50048,L,300.8,309.7,1418,46.6,12
4873,L52052,L,303.7,312.4,1316,59.3,137
3551,M18410,M,301.9,311.0,1432,41.5,51
3843,L51022,L,302.5,311.2,1545,40.1,165
7263,M22122,M,300.4,310.6,1545,35.6,16
5825,L53004,L,301.2,311.0,1596,37.2,219
24,L47203,L,299.0,309.4,1758,25.7,68
1454,L48633,L,299.1,310.4,1450,40.9,85
1685,L48864,L,297.8,307.3,1438,44.5,3
2311,M17170,M,299.0,308.4,1535,47.5,163
9064,L56243,L,297.2,308.3,1419,39.7,115
9407,M24266,M,297.7,308.1,2189,15.6,186
382,L47561,L,297.5,308.5,1546,40.4,129
5815,M20674,M,301.3,311.0,1402,47.5,197
5551,M20410,M,302.3,311.9,1508,42.3,159
9309,L56488,L,298.4,309.1,1423,48.0,135
1619,L48798,L,297.9,307.8,1286,59.5,55
790,M15649,M,296.9,308.0,1641,33.3,67
5984,H35397,H,300.8,310.8,1466,45.2,188
8673,L55852,L,297.5,308.8,1312,50.3,159
4476,L51655,L,302.7,310.5,1351,41.8,10
5607,L52786,L,302.9,312.2,1729,23.6,96
9313,H38726,H,298.5,309.4,1573,33.6,143
5649,L52828,L,302.5,311.9,1401,44.9,203
6217,L53396,L,301.1,310.8,1724,27.5,101
2287,M17146,M,299.4,308.7,1289,60.5,104
9994,L57173,L,298.8,308.4,1401,47.3,10
7579,L54758,L,300.4,311.2,1673,28.9,171
1184,L48363,L,297.3,308.4,1513,40.5,25
6002,M20861,M,300.4,310.2,1380,47.3,5
5091,M19950,M,303.9,313.2,1570,40.7,74
2517,L49696,L,298.8,308.5,1736,29.0,31
4123,L51302,L,302.2,310.6,1462,43.6,0
5522,L52701,L,302.6,311.9,1397,46.9,82
5628,L52807,L,302.7,312.1,1597,39.8,153
8361,L55540,L,298.6,309.6,1540,35.8,5
5873,M20732,M,301.5,311.0,1504,42.6,109
8613,L55792,L,297.5,308.4,1441,44.5,4
7728,M22587,M,300.7,311.9,1657,30.9,116
5969,L53148,L,300.4,310.8,1348,56.0,146
1181,H30594,H,297.3,308.4,1531,35.6,16
8763,H38176,H,297.5,308.8,1824,24.0,179
8236,M23095,M,299.2,310.6,1443,50.9,85
2819,L49998,L,300.2,309.5,1729,28.4,131
9965,L57144,L,298.3,307.9,1766,26.5,145
8704,M23563,M,297.2,308.6,1284,51.3,32
6609,M21468,M,301.5,310.4,1593,36.8,50
2821,L50000,L,300.2,309.5,1436,48.8,135
7536,L54715,L,300.0,311.2,1629,31.7,62
2261,H31674,H,299.1,308.3,1521,36.5,40
2240,L49419,L,299.2,308.6,1381,50.0,193
6022,L53201,L,300.7,310.8,1814,21.4,59
783,L47962,L,296.8,307.9,1698,30.8,48
933,L48112,L,295.6,306.0,1363,50.0,14
6203,L53382,L,301.0,310.9,1296,54.9,69
2413,L49592,L,299.1,308.6,1408,46.7,196
6998,M21857,M,300.6,310.7,1566,38.2,187
9116,M23975,M,297.6,308.6,1444,48.2,46
1157,H30570,H,297.0,307.8,1404,40.7,184
8108,H37521,H,300.3,311.9,1390,49.0,194
5806,M20665,M,301.4,310.9,1557,39.3,174
4880,H34293,H,303.7,312.5,1520,35.6,154
3310,L50489,L,301.3,310.4,1384,50.1,88
8962,M23821,M,297.3,308.0,1403,45.0,77
1703,L48882,L,298.0,307.7,1430,47.3,49
2493,H31906,H,299.0,308.8,1382,58.5,199
3707,L50886,L,302.0,311.3,1567,41.1,26
8277,L55456,L,298.8,310.5,1384,52.8,200
287,L47466,L,298.2,308.3,1589,33.2,94
1609,L48788,L,297.8,307.7,1393,38.0,29
6632,M21491,M,301.5,310.4,1378,55.3,109
8279,L55458,L,298.8,310.5,1464,46.4,207
7316,L54495,L,299.9,310.4,1470,50.0,148
2253,H31666,H,299.1,308.3,1451,42.8,21
7416,L54595,L,300.1,311.2,1489,39.1,188
8366,M23225,M,298.8,309.8,1551,36.6,15
1892,L49071,L,297.7,307.4,1764,29.0,139
5063,L52242,L,304.0,312.9,1313,53.9,202
6121,M20980,M,300.9,311.2,1472,40.0,93
564,L47743,L,297.7,309.6,1529,35.2,153
292,L47471,L,298.0,308.3,1473,42.6,107
4717,L51896,L,303.4,311.6,1712,30.1,182
7709,L54888,L,300.5,311.4,1709,32.3,64
6350,L53529,L,300.1,309.8,1506,35.2,21
170,L47349,L,298.4,308.3,1318,59.1,22
268,L47447,L,297.9,308.0,1954,21.1,42
4639,L51818,L,303.1,311.3,1474,34.8,215
7078,M21937,M,300.7,310.5,1594,31.0,196
3356,L50535,L,301.5,310.8,1367,49.0,193
8280,L55459,L,298.8,310.6,1803,25.4,209
316,L47495,L,297.9,308.4,1646,40.6,175
6729,L53908,L,301.5,310.9,1891,23.2,122
9496,H38909,H,299.3,310.0,1373,44.8,221
4068,L51247,L,301.9,310.7,1429,51.0,76
246,M15105,M,297.9,308.1,1627,31.4,209
253,L47432,L,298.0,308.2,1620,35.8,5
1112,H30525,H,296.5,307.4,1432,49.2,64
4802,L51981,L,303.5,312.4,1574,32.7,175
1714,L48893,L,298.2,307.8,1515,46.7,74
51,L47230,L,298.9,309.1,2861,4.6,143
1836,H31249,H,297.8,307.3,1555,35.8,190
7897,L55076,L,300.8,312.6,1376,53.6,119
3384,H32797,H,301.4,310.6,1674,33.6,49
6411,L53590,L,300.4,310.1,1544,41.9,184
4314,L51493,L,301.4,310.1,1502,46.6,37
873,M15732,M,295.8,306.4,1335,51.7,69
1255,H30668,H,297.5,308.8,1430,49.4,2
8882,H38295,H,298.0,309.2,1520,37.9,89
5852,L53031,L,301.2,311.0,1573,32.8,57
5703,L52882,L,302.3,311.7,1544,43.2,128
8104,M22963,M,300.3,311.9,1429,41.6,184
2099,L49278,L,299.4,309.3,1401,59.0,38
5129,L52308,L,304.2,313.4,1434,42.5,175
249,L47428,L,298.0,308.3,1362,56.8,216
6562,L53741,L,301.5,310.7,1596,35.4,150
1340,M16199,M,298.6,310.2,1668,31.5,7
7018,M21877,M,300.7,310.6,1474,37.0,33
2111,H31524,H,299.3,309.0,1508,35.0,70
1570,M16429,M,298.1,308.2,1654,35.3,155
1727,L48906,L,298.3,307.8,1906,22.1,104
8385,L55564,L,298.8,309.7,1450,43.1,63
6941,H36354,H,300.8,311.4,1453,44.6,38
4396,L51575,L,302.3,310.1,1513,40.4,22
2421,H31834,H,298.8,308.2,1450,44.7,14
3046,L50225,L,300.2,309.4,1526,35.3,46
5504,H34917,H,302.6,312.0,1657,29.3,37
3704,M18563,M,302.0,311.2,1418,49.5,17
8192,M23051,M,299.6,310.9,1630,29.8,206
5332,L52511,L,303.7,312.8,1448,44.5,55
9809,M24668,M,298.2,309.0,1441,44.2,147
448,M15307,M,297.6,308.7,1376,59.9,74
7895,M22754,M,300.8,312.6,1588,35.6,114
8729,M23588,M,297.2,308.7,1398,38.1,88
7829,M22688,M,299.8,311.1,1562,35.7,170
1769,M16628,M,298.3,307.8,1485,42.0,13
6809,L53988,L,301.0,310.7,1391,45.0,123
4705,L51884,L,303.7,311.9,1561,33.3,153
3870,L51049,L,302.7,311.7,1480,45.2,8
1656,M16515,M,298.2,308.0,1577,35.9,151
3188,M18047,M,300.2,309.4,1752,27.8,208
684,L47863,L,297.7,309.0,1874,24.4,28
4171,M19030,M,302.2,310.6,1355,51.5,126
4478,L51657,L,302.6,310.3,1647,34.2,14
462,L47641,L,297.4,308.7,1402,40.2,114
5765,L52944,L,301.7,311.2,1589,37.9,75
7523,L54702,L,300.1,311.5,1334,54.0,26
4503,L51682,L,302.4,310.2,1642,28.3,88
9710,M24569,M,299.0,310.0,1486,34.6,91
319,L47498,L,297.8,308.4,1512,39.9,181
1146,L48325,L,297.0,307.8,1553,33.3,155
5095,M19954,M,304.1,313.5,1470,45.8,85
1394,L48573,L,299.1,310.4,1594,33.3,147
6624,M21483,M,301.7,310.7,1442,41.1,89
1502,M16361,M,298.0,308.7,1436,48.2,201
6409,L53588,L,300.3,309.9,1601,31.7,180
377,M15236,M,297.4,308.2,1401,51.9,117
411,M15270,M,297.5,308.6,1472,44.9,198
1661,L48840,L,298.2,308.0,1499,44.1,166
3152,L50331,L,300.5,309.8,1428,43.8,119
1624,L48803,L,297.7,307.6,1921,22.9,68
5610,M20469,M,303.1,312.4,1378,50.1,104
8533,L55712,L,298.6,309.4,1315,55.5,28
5803,L52982,L,301.4,310.8,1490,38.0,168
5307,H34720,H,304.0,313.2,1612,31.7,206
7087,L54266,L,300.6,310.4,2514,13.4,215
8898,M23757,M,297.3,308.7,1577,35.6,133
7489,L54668,L,300.3,311.7,1545,43.5,160
9616,M24475,M,299.0,310.2,1564,39.9,97
9218,L56397,L,297.8,308.8,1421,49.6,101
1673,L48852,L,298.1,307.8,1432,49.8,198
2359,M17218,M,299.2,308.4,1381,42.5,54
8468,L55647,L,298.6,309.8,1704,28.3,64
275,L47454,L,298.1,308.0,1652,28.5,63
2474,M17333,M,298.9,308.5,1555,37.6,142
5490,L52669,L,302.6,312.1,1499,35.0,215
4772,M19631,M,303.6,311.9,1617,36.0,95
2108,M16967,M,299.4,309.1,1417,47.3,59
7501,L54680,L,300.2,311.8,1410,51.4,189
4415,L51594,L,302.7,310.5,1520,39.3,73
8139,L55318,L,299.5,310.8,1356,54.9,72
8661,L55840,L,297.4,308.5,1295,52.1,130
8240,L55419,L,299.0,310.4,1339,49.6,94
2418,L49597,L,298.9,308.3,1576,36.6,7
8772,L55951,L,297.5,308.6,1536,39.0,202
2237,M17096,M,299.3,308.5,1422,43.1,186
3768,L50947,L,302.3,311.1,1630,35.6,183
9792,M24651,M,298.5,309.4,1521,37.5,94
9990,M24849,M,298.8,308.5,1577,33.2,0
9966,L57145,L,298.3,307.9,1703,28.9,147
7324,L54503,L,299.9,310.2,1479,46.3,173
1384,M16243,M,298.9,310.2,1331,49.0,121
3102,H32515,H,299.8,309.0,1467,37.3,193
3922,L51101,L,302.7,311.5,1494,41.4,149
6686,L53865,L,301.6,310.9,1532,43.6,15
3195,L50374,L,300.0,309.0,1454,51.7,2
1942,L49121,L,298.1,307.9,1425,58.2,57
7714,M22573,M,300.5,311.4,2072,18.8,75
4897,M19756,M,303.7,312.4,1642,32.3,206
4783,L51962,L,303.8,312.5,1368,52.6,123
1497,L48676,L,298.0,308.7,1268,69.4,189
1958,H31371,H,297.9,307.7,1618,35.9,92
9172,M24031,M,297.7,308.8,1388,45.6,190
9746,L56925,L,298.8,310.0,1611,32.4,183
7333,M22192,M,299.8,310.3,1805,23.7,198
7950,M22809,M,300.7,311.5,1569,36.4,20
3018,L50197,L,300.5,309.8,1305,51.7,202
6747,M21606,M,301.7,311.1,1578,40.5,174
514,L47693,L,297.4,309.2,1428,38.8,26
3935,M18794,M,302.6,311.6,1518,39.0,184
3026,L50205,L,300.5,309.6,1366,50.2,219
1200,M16059,M,296.9,307.9,1979,20.4,68
5029,M19888,M,303.9,313.2,1630,29.3,104
9785,M24644,M,298.7,309.8,1435,48.8,71
922,H30335,H,295.5,305.9,1593,37.2,197
4650,M19509,M,303.3,311.4,1395,59.1,4
5333,H34746,H,303.6,312.7,1403,46.2,57
1077,L48256,L,296.9,307.7,1653,35.9,177
6769,H36182,H,301.3,310.8,1434,39.5,18
9411,M24270,M,298.0,308.5,1666,31.0,198
1672,L48851,L,298.1,307.9,1614,35.8,196
475,L47654,L,297.4,309.1,1478,49.8,150
9187,L56366,L,297.9,309.0,1629,29.0,26
8840,M23699,M,297.4,308.9,1376,39.0,181
5759,L52938,L,301.9,311.3,1501,40.8,59
6298,M21157,M,301.1,310.5,1309,60.7,100
2479,M17338,M,298.9,308.5,1456,50.0,156
5494,L52673,L,302.8,312.4,1376,57.1,8
3915,L51094,L,302.5,311.5,1493,35.1,131
2139,L49318,L,299.3,309.0,1734,30.6,154
5455,L52634,L,303.0,312.5,1461,40.2,127
5380,L52559,L,302.9,312.4,1446,41.7,196
8986,L56165,L,297.1,307.8,1584,42.3,135
4024,L51203,L,302.1,311.0,1364,50.0,205
3486,L50665,L,301.9,310.8,1427,47.7,92
2456,L49635,L,299.0,308.6,1946,22.3,102
2465,M17324,M,298.9,308.5,1534,42.9,121
8697,L55876,L,297.2,308.6,1413,49.8,12
1370,M16229,M,298.7,310.3,1481,41.5,83
6689,L53868,L,301.7,311.0,1548,40.3,21
7457,M22316,M,300.2,311.7,1397,50.2,71
9975,L57154,L,298.6,308.2,1361,68.2,172
1902,M16761,M,297.9,307.6,1505,40.1,166
4872,L52051,L,303.7,312.4,1513,40.1,135
4711,L51890,L,303.4,311.7,1673,32.2,166
7887,M22746,M,300.6,312.2,2174,18.5,95
1794,L48973,L,298.1,307.8,1761,28.2,76
2875,L50054,L,300.6,309.5,1471,49.6,29
6218,M21077,M,301.0,310.7,1455,46.1,103
5214,M20073,M,303.7,312.6,1429,43.3,189
2246,M17105,M,299.3,308.4,1438,42.3,0
1742,M16601,M,298.5,308.0,1363,49.2,149
1021,L48200,L,296.3,307.3,1372,57.7,33
706,L47885,L,297.7,309.0,1507,38.2,94
4295,M19154,M,301.7,310.1,1743,27.3,210
5577,H34990,H,302.4,312.0,1457,43.4,23
7167,M22026,M,300.3,310.2,1429,44.7,203
8178,L55357,L,299.7,311.1,1439,44.9,174
909,M15768,M,295.5,306.1,1822,24.3,164
5194,H34607,H,304.0,313.1,1408,39.8,132
3078,L50257,L,300.1,309.3,1841,23.0,125
9367,L56546,L,298.0,308.5,1461,48.0,68
595,H30008,H,297.6,309.6,1278,50.4,2
5305,L52484,L,303.9,313.1,1425,49.3,199
441,L47620,L,297.4,308.5,1389,39.2,54
7607,M22466,M,300.4,311.3,1350,56.5,31
4093,H33506,H,302.0,310.5,1812,24.4,138
6135,L53314,L,301.0,311.0,1581,37.0,127
11,H29424,H,298.4,308.9,1782,23.9,24
3777,L50956,L,302.5,311.1,1538,36.8,208
9000,L56179,L,297.1,307.9,1492,39.4,171
3709,L50888,L,302.1,311.4,1549,44.6,31
3781,L50960,L,302.4,311.1,1446,42.9,5
94,L47273,L,299.1,309.0,1450,43.0,40
9240,H38653,H,298.2,308.8,1436,51.9,153
3950,L51129,L,302.3,311.5,1384,50.8,13
5786,L52965,L,301.7,311.1,1469,37.2,128
4871,M19730,M,303.7,312.4,1631,28.5,132
4803,M19662,M,303.5,312.4,1318,54.2,177
4868,L52047,L,303.6,312.5,1345,54.1,126
293,L47472,L,298.1,308.4,1335,40.2,109
7889,L55068,L,300.7,312.3,1577,33.2,100
7406,M22265,M,299.8,310.8,1530,35.2,163
5596,M20455,M,302.7,312.0,1944,21.4,71
2887,H32300,H,300.5,309.5,1635,34.2,62
6455,L53634,L,300.7,310.1,1598,32.8,79
2543,H31956,H,299.2,308.9,1712,26.4,95
1766,L48945,L,298.2,307.6,1368,51.8,5
6801,M21660,M,301.1,310.6,1310,48.8,103
1878,M16737,M,298.2,307.8,1566,33.8,100
1982,L49161,L,298.0,307.6,1385,45.0,158
9730,L56909,L,298.7,309.8,1695,29.0,145
9609,M24468,M,298.9,310.1,1513,41.5,80
2686,L49865,L,299.8,309.4,1609,32.5,27
8931,L56110,L,297.4,308.4,1571,39.4,0
3459,L50638,L,301.5,310.4,1329,46.6,24
4542,L51721,L,302.5,310.4,1427,46.8,179
2179,L49358,L,299.6,309.2,1602,37.3,31
4451,L51630,L,302.5,310.3,1551,37.3,168
3860,L51039,L,302.6,311.5,1599,37.0,211
7624,L54803,L,300.6,311.7,1734,29.9,72
7655,M22514,M,300.3,311.5,1540,41.5,151
4520,L51699,L,302.4,310.4,1666,29.7,125
2518,L49697,L,298.8,308.5,1395,44.4,33
4837,L52016,L,303.3,311.8,1315,62.0,42
2886,M17745,M,300.5,309.5,1320,49.9,59
7282,L54461,L,300.0,310.2,1675,29.7,64
6256,L53435,L,301.0,310.5,1379,57.3,204
4540,L51719,L,302.5,310.3,1592,32.6,174
5640,L52819,L,302.6,312.1,1668,28.7,180
9460,L56639,L,298.4,309.1,1579,36.1,123
3482,L50661,L,302.0,310.9,1663,31.5,81
1278,M16137,M,298.2,309.4,1408,46.5,76
3147,M18006,M,300.5,309.9,1780,26.5,101
8263,L55442,L,299.1,310.6,1921,23.9,158
3206,M18065,M,300.1,308.9,1548,38.4,31
9893,H39306,H,298.9,309.7,1407,48.6,161
2743,L49922,L,299.6,309.1,1369,51.4,164
6077,L53256,L,301.0,310.9,1492,36.7,199
4048,L51227,L,301.9,311.0,1455,46.0,29
5732,L52911,L,302.2,311.6,1872,20.4,202
2946,H32359,H,300.7,309.6,1925,20.5,9
5791,M20650,M,301.7,311.2,1563,34.5,139
6795,L53974,L,301.3,310.8,1428,55.2,88
6544,L53723,L,301.4,310.8,1698,29.6,99
701,M15560,M,297.6,308.8,1683,31.6,79
3575,L50754,L,301.7,310.6,1406,46.0,112
7700,M22559,M,300.7,311.5,1441,40.6,33
2516,L49695,L,298.8,308.5,1490,35.0,29
3001,H32414,H,300.5,309.8,1324,72.8,159
5821,L53000,L,301.3,311.1,1723,27.6,210
8582,M23441,M,297.5,308.0,1429,45.8,148
3685,L50864,L,302.0,311.2,1270,65.3,182
2996,L50175,L,300.5,309.8,1550,37.4,148
4253,H33666,H,302.6,311.0,1438,51.0,106
3412,L50591,L,301.3,310.3,1419,55.7,125
7963,L55142,L,301.0,312.2,1372,47.0,59
6310,L53489,L,300.9,310.2,1382,50.4,131
8612,L55791,L,297.4,308.3,1472,45.5,2
5013,M19872,M,303.8,312.9,1815,27.8,66
7751,L54930,L,300.4,311.7,1444,51.2,174
5980,H35393,H,300.6,310.7,1501,45.3,175
4049,L51228,L,301.9,311.0,2691,12.1,31
4900,L52079,L,303.6,312.3,2168,17.7,219
1319,M16178,M,299.0,310.3,1582,33.3,177
9773,L56952,L,298.5,309.5,1561,34.8,35
9138,L56317,L,297.7,308.7,1731,28.4,104
7143,H36556,H,300.3,309.7,1452,41.5,139
1898,L49077,L,297.8,307.4,1418,41.2,155
7466,M22325,M,300.1,311.4,1390,52.1,94
604,L47783,L,297.9,309.8,1336,71.6,31
2847,L50026,L,300.3,309.2,1412,44.8,200
8208,L55387,L,299.2,310.7,1535,42.6,17
394,M15253,M,297.5,308.4,1350,52.2,157
4437,M19296,M,302.4,310.1,1577,35.8,136
9448,M24307,M,298.1,308.9,1323,51.7,88
7235,M22094,M,299.8,310.0,1397,48.1,164
5399,L52578,L,302.9,312.4,1923,23.9,244
96,M14955,M,299.0,309.0,1351,52.2,44
1663,H31076,H,298.2,307.9,1462,45.5,171
8971,L56150,L,297.0,307.6,1575,37.4,98
5131,L52310,L,304.2,313.3,1668,35.7,180
1489,L48668,L,298.2,309.1,1568,36.3,166
8317,L55496,L,298.8,309.8,1463,40.0,90
2708,M17567,M,299.6,309.0,1539,36.1,76
1596,L48775,L,298.0,308.2,1365,52.9,218
9278,L56457,L,298.2,308.7,1447,48.4,51
2378,M17237,M,299.2,308.3,1582,45.5,107
5141,M20000,M,304.3,313.6,1585,32.1,202
6148,M21007,M,301.1,311.1,2089,19.8,162
8242,M23101,M,298.9,310.2,2099,20.0,98
3949,M18808,M,302.2,311.3,1510,37.1,10
3934,L51113,L,302.6,311.6,1576,34.7,182
4798,L51977,L,303.5,312.5,1380,46.1,166
4373,M19232,M,301.9,309.6,1439,41.7,201
9863,M24722,M,298.8,309.7,1439,45.8,81
8243,M23102,M,299.0,310.3,1689,29.7,101
3449,L50628,L,301.6,310.6,1478,36.6,218
2944,H32357,H,300.7,309.5,2007,19.7,2
2466,L49645,L,298.9,308.6,1481,40.7,124
8583,M23442,M,297.5,308.1,1334,72.0,151
5507,L52686,L,302.9,312.2,1677,30.5,46
2699,L49878,L,300.0,309.4,2010,20.0,55
2448,L49627,L,299.3,308.7,1408,48.7,85
20,M14879,M,298.9,309.3,1632,32.5,55
2749,L49928,L,299.7,309.2,1631,35.1,177
5400,H34813,H,302.8,312.4,1411,53.8,246
8079,L55258,L,300.3,311.7,1571,31.2,123
6872,L54051,L,301.0,311.3,1349,47.0,71
4709,L51888,L,303.4,311.7,1793,25.8,161
9477,M24336,M,298.8,309.6,1692,31.9,167
810,L47989,L,296.9,307.6,1452,45.7,122
7478,M22337,M,300.1,311.3,1518,40.2,130
2274,L49453,L,299.3,308.5,1589,32.7,74
1924,L49103,L,298.0,307.7,1529,34.1,11
1471,L48650,L,298.5,309.7,1437,42.6,120
7935,M22794,M,300.8,311.9,1621,28.3,211
7408,H36821,H,299.8,310.9,1427,47.2,168
2407,L49586,L,299.1,308.6,1437,41.6,183
1143,L48322,L,296.9,307.9,1423,43.9,149
1748,L48927,L,298.4,307.9,2381,14.2,164
5710,L52889,L,302.2,311.7,1556,38.6,145
4976,L52155,L,303.7,312.7,1426,45.5,192
7301,L54480,L,300.2,310.6,1431,42.3,113
8149,M23008,M,299.5,310.7,1488,39.5,95
2834,L50013,L,300.3,309.2,1807,26.4,169
3132,L50311,L,300.1,309.5,1660,32.7,57
1311,L48490,L,298.9,310.2,1498,50.2,160
8651,H38064,H,297.4,308.3,1771,27.4,100
6775,H36188,H,301.2,310.7,1747,27.3,35
6757,L53936,L,301.8,311.2,1840,26.6,202
621,M15480,M,298.3,310.1,1389,49.6,75
2702,L49881,L,299.9,309.2,1333,50.8,61
2200,M17059,M,299.8,309.1,1268,58.0,90
6197,L53376,L,300.9,310.8,1701,30.4,55
8825,M23684,M,297.3,308.9,1799,24.5,137
1047,L48226,L,296.4,307.5,1331,47.8,99
5769,L52948,L,301.7,311.3,1421,45.9,85
9948,M24807,M,298.2,307.9,1529,36.6,105
9020,L56199,L,297.2,308.1,1662,31.3,0
744,L47923,L,296.8,308.2,1361,53.8,193
223,L47402,L,298.4,308.6,1304,45.0,158
3150,H32563,H,300.4,309.7,1500,35.2,112
626,L47805,L,298.3,310.1,1545,36.3,90
9335,L56514,L,298.4,308.9,1402,44.8,201
7567,L54746,L,300.3,311.0,1613,34.7,142
4583,L51762,L,302.9,311.2,1634,36.9,71
5712,L52891,L,302.2,311.6,1545,35.9,152
3285,H32698,H,301.2,309.9,1362,50.7,25
7586,L54765,L,300.4,311.1,1397,50.8,189
9647,L56826,L,299.4,310.4,1582,31.7,181
1531,L48710,L,298.1,309.0,1497,40.5,58
9686,L56865,L,299.0,310.0,1360,48.1,37
354,H29767,H,297.5,308.3,1674,30.0,54
2475,L49654,L,298.9,308.5,1503,40.6,145
8014,M22873,M,300.9,312.0,1402,50.7,185
6476,L53655,L,300.5,309.7,1560,30.2,139
6450,L53629,L,300.6,310.2,1519,44.6,69
240,L47419,L,298.0,308.2,1611,30.6,195
2626,L49805,L,299.7,309.4,1399,39.9,91
9787,M24646,M,298.7,309.6,1738,27.3,79
7199,M22058,M,300.0,309.9,1530,34.5,71
7693,H37106,H,300.5,311.6,1506,36.2,10
2998,L50177,L,300.5,309.8,1345,62.7,153
6441,L53620,L,300.6,310.2,1648,31.7,46
4563,L51742,L,302.7,310.7,1398,57.7,19
8615,L55794,L,297.5,308.5,1691,33.1,9
1480,L48659,L,298.2,309.3,1355,43.8,142
1019,L48198,L,296.3,307.2,1291,58.6,29
3095,L50274,L,300.0,309.3,1972,22.0,175
6183,L53362,L,301.0,310.8,1475,35.3,19
4961,L52140,L,303.9,312.7,1339,62.3,156
8493,M23352,M,298.4,309.5,1514,38.8,128
1104,M15963,M,296.7,307.4,1540,38.7,45
6082,L53261,L,300.9,310.7,1517,41.7,210
9526,L56705,L,299.1,310.3,1411,42.1,74
5191,L52370,L,304.1,313.2,1452,48.0,126
4182,M19041,M,302.4,310.7,1521,40.4,152
4468,L51647,L,302.8,310.6,1617,37.9,207
1627,M16486,M,297.9,307.8,1303,59.3,75
6718,M21577,M,301.4,310.6,1464,48.6,96
3799,L50978,L,302.1,310.8,1786,25.7,47
3054,H32467,H,300.2,309.3,1506,35.6,63
2868,H32281,H,300.7,309.6,1390,48.5,7
1433,L48612,L,298.8,309.8,1437,42.8,23
7984,L55163,L,301.0,312.2,1601,33.0,109
9347,M24206,M,298.2,308.8,1626,40.4,20
9420,L56599,L,298.0,308.4,1911,22.0,13
4077,M18936,M,302.0,310.6,1539,37.4,96
218,L47397,L,298.3,308.5,1664,31.6,144
3556,L50735,L,301.8,310.7,1551,37.7,64
7937,L55116,L,300.8,311.7,1490,46.4,217
8422,L55601,L,298.9,310.3,1496,36.3,161
1035,M15894,M,296.3,307.4,1958,19.1,67
3774,M18633,M,302.4,311.1,1887,22.4,197
4133,M18992,M,301.8,310.3,1409,52.5,26
2336,L49515,L,299.2,308.4,1509,39.4,0
6493,M21352,M,300.8,309.9,1444,46.0,180
1483,M16342,M,298.1,309.1,1448,52.5,150
907,M15766,M,295.6,306.1,1462,49.2,158
6089,L53268,L,300.9,310.8,1476,39.0,10
6467,L53646,L,300.4,309.7,1740,31.1,113
5677,L52856,L,302.3,311.8,1565,37.8,59
2771,L49950,L,300.0,309.6,1364,45.9,16
1806,H31219,H,298.1,307.7,1376,56.2,113
7375,L54554,L,299.5,310.0,1379,50.4,85
2115,H31528,H,299.4,309.1,1373,44.1,81
4535,L51714,L,302.4,310.2,1633,28.0,164
2532,M17391,M,298.8,308.5,1510,38.7,66
8526,L55705,L,298.3,309.4,1378,52.3,12
3471,L50650,L,301.8,310.8,1736,26.5,56
1403,M16262,M,298.9,310.1,1313,56.8,171
853,M15712,M,296.3,307.3,1368,49.5,10
3083,M17942,M,300.0,309.3,1407,43.9,138
8025,L55204,L,300.9,312.0,1493,38.7,217
7566,M22425,M,300.3,311.2,1783,25.6,139
5530,M20389,M,302.4,311.8,1539,39.9,101
7855,L55034,L,300.3,311.8,1551,37.2,9
4933,L52112,L,303.3,312.1,1418,44.7,83
5160,L52339,L,304.2,313.4,1490,44.0,41
9716,L56895,L,299.1,310.1,1373,55.6,108
3847,L51026,L,302.3,310.9,1403,47.2,173
6484,L53663,L,300.7,309.9,1412,45.3,155
748,L47927,L,296.8,308.1,1356,48.3,201
3035,H32448,H,300.6,309.7,1470,43.8,18
348,L47527,L,297.5,308.3,1544,40.8,37
3352,L50531,L,301.4,310.8,1680,31.4,185
2865,H32278,H,300.6,309.4,1380,47.6,246
2168,H31581,H,299.6,309.1,1588,41.3,0
6955,M21814,M,300.8,311.2,1429,52.3,77
6210,L53389,L,300.7,310.6,1407,40.5,87
2778,L49957,L,300.1,309.4,1464,41.7,30
1442,L48621,L,298.8,309.9,1550,38.8,53
5658,L52837,L,302.3,311.5,1794,26.1,7
9658,L56837,L,299.0,310.0,1484,39.6,212
3028,L50207,L,300.5,309.5,1777,23.6,0
6118,L53297,L,300.8,311.0,1578,44.4,86
2484,M17343,M,298.9,308.7,1402,49.8,167
2883,L50062,L,300.6,309.6,1684,32.8,53
5562,M20421,M,302.3,311.7,1341,46.3,194
764,L47943,L,296.7,307.8,1400,47.5,3
6482,L53661,L,300.7,309.8,1406,48.4,151
1617,H31030,H,297.8,307.8,1662,30.7,48
1223,L48402,L,297.0,308.3,1399,59.0,135
8665,H38078,H,297.5,308.6,1355,58.9,138
6222,M21081,M,301.2,310.9,1359,50.8,118
1577,L48756,L,298.3,308.4,1490,41.7,170
9392,H38805,H,297.6,308.2,2071,18.5,144
6351,L53530,L,300.1,309.7,1362,49.1,23
3783,L50962,L,302.2,310.8,1827,23.8,9
4375,L51554,L,302.0,309.7,1551,34.8,207
709,M15568,M,297.6,308.8,1416,45.9,101
510,M15369,M,297.6,309.3,1415,41.3,17
2955,H32368,H,300.6,309.4,1691,28.0,36
7538,L54717,L,300.1,311.3,1305,64.7,66
6339,L53518,L,300.4,309.9,1681,28.6,206
8923,L56102,L,297.1,308.2,1399,42.6,194
7064,L54243,L,300.7,310.4,1234,51.7,160
7163,L54342,L,300.2,310.2,1378,43.9,193
7372,L54551,L,299.6,310.2,1512,44.0,79
6829,L54008,L,301.0,310.9,1392,52.9,173
3616,M18475,M,301.8,311.1,1647,31.6,6
4657,L51836,L,303.1,311.2,1626,32.3,21
6976,M21835,M,300.7,311.0,1378,51.6,130
4351,M19210,M,301.9,309.7,1568,37.5,135
712,L47891,L,297.5,308.7,1443,46.2,110
6479,L53658,L,300.5,309.8,1663,29.1,145
9130,L56309,L,297.6,308.6,1664,30.1,81
8205,L55384,L,299.4,310.9,1751,27.8,10
9204,L56383,L,297.8,308.8,1559,35.2,66
713,L47892,L,297.5,308.7,1453,37.6,112
9113,M23972,M,297.6,308.6,1482,38.3,39
1246,M16105,M,297.1,308.4,1588,33.4,204
9786,H39199,H,298.7,309.7,1697,29.8,74
6849,M21708,M,301.1,311.3,1389,53.3,8
5134,L52313,L,304.1,313.2,1824,25.8,186
716,L47895,L,297.4,308.6,1324,59.1,118
3464,L50643,L,301.6,310.5,1809,25.5,40
4395,L51574,L,302.2,310.0,1483,48.7,20
4569,M19428,M,302.7,310.8,1555,36.1,35
8804,L55983,L,297.4,308.5,1486,48.6,75
8490,L55669,L,298.4,309.4,1461,46.3,121
7702,H37115,H,300.8,311.7,1468,38.7,39
213,H29626,H,298.4,308.7,1344,52.9,130
9768,L56947,L,298.6,309.6,1563,35.0,21
6839,L54018,L,301.1,311.1,1570,41.6,202
1011,M15870,M,296.2,307.2,1552,34.8,8
324,L47503,L,297.8,308.5,1561,46.3,194
5397,L52576,L,302.8,312.4,1523,39.7,239
5991,M20850,M,300.7,310.7,1343,51.6,211
3173,M18032,M,300.3,309.6,1488,41.3,172
335,M15194,M,297.5,308.1,1469,44.8,5
8306,H37719,H,298.8,310.1,1380,44.0,56
2211,L49390,L,299.7,309.2,1401,54.1,118
4272,L51451,L,302.6,310.8,1470,41.2,156
6741,L53920,L,301.8,311.2,1417,55.9,156
234,L47413,L,298.2,308.4,1512,34.9,181
5951,L53130,L,300.7,310.8,1689,28.9,100
5738,L52917,L,302.3,311.8,1574,42.8,215
7922,L55101,L,300.7,311.9,1419,47.7,179
2349,L49528,L,299.2,308.4,1436,41.8,28
2037,L49216,L,299.0,308.7,1892,22.8,96
7485,M22344,M,300.3,311.6,1312,53.4,151
6007,M20866,M,300.6,310.5,2156,18.0,16
4554,L51733,L,302.6,310.5,1461,45.4,0
8073,H37486,H,300.5,312.0,1375,43.2,108
1459,L48638,L,298.9,310.3,1364,54.0,95
3289,L50468,L,301.3,310.1,1662,31.0,37
3065,M17924,M,300.1,309.1,1731,30.4,92
9437,L56616,L,298.0,308.6,1481,42.5,54
775,L47954,L,296.8,307.9,1448,48.8,31
6833,M21692,M,301.1,311.1,1384,42.5,185
872,L48051,L,295.8,306.4,1339,53.2,67
8750,L55929,L,297.2,308.4,1677,26.4,146
1264,L48443,L,297.8,309.2,1400,56.9,34
4834,L52013,L,303.4,311.9,1377,41.6,34
3895,M18754,M,302.3,311.2,1432,42.7,68
6324,L53503,L,300.7,310.1,1351,46.9,165
9213,L56392,L,298.0,308.9,1390,53.9,88
7020,L54199,L,300.8,310.8,1741,27.1,39
1221,L48400,L,297.0,308.2,1577,29.4,130
1447,M16306,M,299.0,310.2,1628,35.8,64
3185,L50364,L,300.1,309.3,1654,31.0,201
409,M15268,M,297.4,308.6,1434,44.4,193
4345,H33758,H,301.8,309.9,1418,51.3,116
3022,L50201,L,300.5,309.8,1421,49.6,211
2304,L49483,L,299.2,308.5,1374,53.6,143
6272,M21131,M,300.9,310.5,1702,29.3,32
8281,L55460,L,298.8,310.6,1602,39.1,211
6642,L53821,L,301.5,310.5,1702,28.7,135
6956,L54135,L,300.7,311.2,1399,47.9,80
2110,M16969,M,299.3,309.0,1496,43.4,67
5352,M20211,M,303.5,312.9,1530,34.5,110
9684,M24543,M,299.0,310.0,1338,56.4,29
8344,H37757,H,298.8,309.8,1437,48.2,164
4550,L51729,L,302.6,310.6,1549,37.5,199
1881,L49060,L,298.1,307.7,1705,29.1,109
5946,M20805,M,300.8,310.8,1415,44.5,87
1738,L48917,L,298.4,307.9,1743,27.3,134
7794,L54973,L,300.1,311.5,1434,40.8,80
5213,L52392,L,303.7,312.5,1397,45.7,187
3209,M18068,M,300.2,309.1,1406,42.2,40
7083,L54262,L,300.7,310.3,1458,40.0,207
2056,L49235,L,299.6,309.4,1643,32.9,145
1689,L48868,L,297.9,307.4,1606,35.5,14
4780,L51959,L,303.7,312.3,1511,38.9,117
7476,H36889,H,300.3,311.6,1339,53.4,123
7877,H37290,H,300.7,312.2,1335,49.0,62
6750,L53929,L,301.7,311.0,1585,35.9,185
8556,L55735,L,298.2,309.0,1596,37.2,87
8123,M22982,M,300.2,311.6,1533,46.4,24
6991,L54170,L,300.7,311.1,2478,13.4,170
8267,L55446,L,299.1,310.6,1818,24.1,173
8540,L55719,L,298.5,309.4,1517,40.2,45
3393,L50572,L,301.5,310.7,1408,47.3,79
6326,L53505,L,300.7,310.1,1721,32.3,170
3529,L50708,L,302.0,310.9,1378,53.1,212
4605,L51784,L,302.9,311.0,1820,24.6,128
7024,M21883,M,300.7,310.6,1572,38.5,50
6322,L53501,L,300.7,310.2,1286,64.9,160
746,L47925,L,296.7,308.0,1451,50.7,197
711,M15570,M,297.5,308.7,1697,28.1,107
380,L47559,L,297.3,308.2,1754,26.8,125
8783,L55962,L,297.5,308.7,1456,44.7,29
3012,M17871,M,300.2,309.5,1434,51.5,189
8859,L56038,L,297.8,308.9,1506,33.5,26
7153,L54332,L,300.2,309.9,1566,36.4,170
8567,M23426,M,297.9,308.7,1751,26.6,111
3498,L50677,L,301.9,311.0,1642,33.1,126
3890,L51069,L,302.4,311.2,1404,52.0,57
4485,M19344,M,302.6,310.4,1451,43.1,35
4012,L51191,L,302.2,311.1,1447,52.1,174
2620,L49799,L,299.4,309.2,1569,40.8,73
6671,L53850,L,301.5,310.6,1998,20.2,210
6513,M21372,M,301.1,310.0,1433,48.1,14
3468,L50647,L,301.8,310.7,1461,44.2,49
1314,L48493,L,298.9,310.2,1359,56.9,166
8606,L55785,L,297.5,308.4,1633,33.3,213
2070,H31483,H,299.7,309.6,1553,41.0,179
2983,L50162,L,300.5,309.5,1795,27.7,117
5915,L53094,L,300.7,310.3,1592,36.0,14
9171,L56350,L,297.7,308.7,1474,46.8,188
1286,M16145,M,298.5,309.6,1492,41.7,100
8991,L56170,L,297.2,307.9,1493,38.4,146
8430,L55609,L,299.0,310.3,1577,40.0,181
1350,L48529,L,298.7,310.2,1402,45.9,30
2612,L49791,L,299.4,309.1,1957,22.1,55
9495,L56674,L,299.2,309.9,1516,41.4,219
3669,L50848,L,302.3,311.7,1510,38.7,141
2222,L49401,L,299.6,309.0,1372,60.4,149
428,M15287,M,297.5,308.5,1496,42.2,22
654,L47833,L,297.8,309.3,2015,20.1,161
9914,L57093,L,298.5,308.8,1589,30.6,11
3536,H32949,H,301.9,311.0,1672,29.9,13
7737,H37150,H,300.6,312.1,1354,46.9,138
3246,M18105,M,301.0,309.6,1588,32.7,138
4741,L51920,L,303.3,311.5,1601,35.2,10
9069,H38482,H,297.1,308.2,1790,30.3,128
4100,L51279,L,302.0,310.4,1464,47.2,159
4101,L51280,L,302.0,310.4,1895,23.2,161
6960,L54139,L,300.6,311.0,1543,34.7,89
612,L47791,L,298.1,310.0,1553,40.9,49
4289,M19148,M,301.7,310.0,1391,50.6,195
8571,H37984,H,297.9,308.7,1545,35.9,120
9713,M24572,M,299.1,310.2,1456,48.4,101
1544,L48723,L,298.4,308.9,1628,34.9,93
9536,M24395,M,299.3,310.6,1609,31.4,99
3854,L51033,L,302.4,311.0,1486,40.4,192
555,H29968,H,297.5,309.4,1368,45.3,129
6366,M21225,M,299.9,309.5,1412,57.9,59
512,L47691,L,297.5,309.3,1479,39.4,22
3207,M18066,M,300.1,309.0,1612,33.0,34
8085,L55264,L,300.2,311.4,1483,44.4,141
968,M15827,M,295.9,306.6,1532,38.6,104
6044,M20903,M,300.7,310.9,1468,41.8,112
6880,H36293,H,300.8,311.2,2237,17.0,95
6776,L53955,L,301.2,310.6,1670,30.0,40
3296,L50475,L,301.1,310.2,1496,43.4,54
8702,M23561,M,297.3,308.7,1466,38.4,27
3430,H32843,H,301.5,310.5,1551,34.3,166
8871,M23730,M,297.9,309.1,1338,49.6,56
6963,M21822,M,300.7,311.1,1373,49.9,96
2089,L49268,L,299.6,309.4,1331,46.4,16
8500,L55679,L,298.4,309.6,1655,30.2,146
6163,L53342,L,301.0,310.8,1558,34.9,196
3211,M18070,M,300.3,309.2,1364,47.6,45
9201,M24060,M,297.9,308.8,1602,32.1,59
6606,M21465,M,301.6,310.6,1691,30.1,40
1110,L48289,L,296.6,307.5,1557,35.1,60
5729,M20588,M,302.4,311.9,1422,46.4,194
7830,L55009,L,299.8,311.2,1664,28.3,173
1039,L48218,L,296.6,307.6,1498,41.1,80
1195,M16054,M,297.0,308.1,1507,43.1,51
4475,L51654,L,302.7,310.5,1563,35.0,8
9875,M24734,M,298.9,309.9,1449,44.1,112
2123,M16982,M,299.2,308.8,1523,38.9,112
4983,L52162,L,303.7,313.0,1811,24.3,209
8974,L56153,L,296.8,307.4,1549,48.3,105
5701,L52880,L,302.5,311.9,1497,41.6,123
935,M15794,M,295.5,306.0,1326,50.8,18
6102,L53281,L,300.7,310.6,1616,29.6,47
4690,M19549,M,303.4,311.5,1560,36.4,114
395,L47574,L,297.5,308.4,1528,39.9,160
4686,M19545,M,303.6,311.8,1627,30.8,104
8777,L55956,L,297.5,308.6,1352,52.6,12
9166,L56345,L,297.6,308.6,1326,62.4,173
5981,M20840,M,300.6,310.7,1654,32.0,180
9943,L57122,L,298.4,308.1,1375,50.8,94
2192,L49371,L,299.6,309.0,1648,33.6,70
1298,L48477,L,298.8,309.9,1428,42.4,132
5045,L52224,L,304.1,313.2,1412,47.5,150
1163,L48342,L,296.9,307.8,1400,57.1,202
4255,L51434,L,302.6,311.0,1284,68.0,114
6373,M21232,M,300.0,309.5,1879,22.4,79
1528,H30941,H,298.1,309.1,1425,44.5,49
4343,M19202,M,301.7,309.8,1284,68.2,111
2031,L49210,L,298.9,308.6,1400,49.5,79
3061,L50240,L,300.0,309.1,1882,23.8,84
59,M14918,M,298.8,309.0,1661,29.5,162
2406,L49585,L,299.1,308.7,1498,38.9,181
5007,M19866,M,303.7,312.8,1366,47.3,49
6158,L53337,L,301.1,311.2,1774,29.6,186
7376,M22235,M,299.4,309.9,1567,40.6,87
4507,M19366,M,302.4,310.1,1520,36.6,97
5215,L52394,L,303.7,312.7,1572,37.2,192
6030,M20889,M,300.7,310.8,1452,47.9,77
1781,L48960,L,298.5,308.2,1595,32.3,46
5448,L52627,L,303.1,312.8,1465,44.1,109
4607,L51786,L,302.9,311.1,1556,45.3,135
6915,H36328,H,300.9,311.3,1668,28.9,183
677,H30090,H,297.9,309.2,1577,34.7,5
3583,L50762,L,301.8,310.6,1395,50.5,131
3654,L50833,L,302.1,311.4,1518,37.4,102
7921,L55100,L,300.8,312.0,1382,49.3,177
9500,L56679,L,299.2,310.1,1534,37.7,10
2733,L49912,L,299.7,309.2,1346,57.4,138
4788,L51967,L,303.7,312.6,1396,44.1,136
2755,H32168,H,299.6,309.1,1630,32.3,194
2338,L49517,L,299.2,308.4,1877,23.9,4
3644,L50823,L,302.3,311.6,1784,26.4,79
7738,M22597,M,300.5,312.0,1985,19.3,143
5517,L52696,L,302.6,312.0,1674,32.2,70
5247,L52426,L,303.5,313.0,1465,41.0,56
867,L48046,L,295.9,306.6,1678,26.7,53
4448,M19307,M,302.5,310.3,1488,41.8,160
5072,H34485,H,304.2,313.0,1442,40.9,23
4882,M19741,M,303.8,312.6,1406,47.1,162
9511,M24370,M,299.2,310.4,1504,43.3,37
3003,M17862,M,300.5,309.8,1555,38.9,166
2226,M17085,M,299.7,309.0,1465,49.0,158
9057,L56236,L,297.3,308.3,1430,41.9,95
4827,L52006,L,303.4,311.8,2268,15.8,20
7622,L54801,L,300.5,311.5,1490,38.4,67
9690,L56869,L,299.0,310.1,1362,59.5,46
5501,L52680,L,302.7,312.1,1601,35.2,31
9701,M24560,M,298.9,309.8,1353,53.7,71
8479,M23338,M,298.5,309.7,1354,60.8,96
5503,L52682,L,302.6,312.1,1439,52.3,35
1211,L48390,L,297.0,308.1,1537,39.0,103
9084,M23943,M,297.2,307.9,1541,35.7,169
2289,M17148,M,299.4,308.6,1541,39.1,109
2184,M17043,M,299.6,309.3,1577,39.8,48
2863,L50042,L,300.6,309.5,1867,23.0,242
6862,H36275,H,301.1,311.3,2207,16.6,43
2363,H31776,H,299.3,308.6,1520,41.4,67
8464,M23323,M,298.7,309.9,1411,45.1,51
6333,M21192,M,300.5,309.9,1994,19.8,189
4065,L51244,L,301.9,310.7,1480,47.1,68
9547,M24406,M,299.7,311.2,1560,43.9,126
618,M15477,M,298.1,310.0,1393,43.1,65
3282,M18141,M,301.2,310.0,1445,45.6,18
5227,L52406,L,303.9,313.0,1403,48.3,10
3398,L50577,L,301.4,310.6,1648,30.7,90
3066,M17925,M,300.1,309.2,1687,27.7,95
767,L47946,L,296.8,308.0,1561,38.3,9
7079,L54258,L,300.7,310.5,1357,52.6,199
5280,L52459,L,303.6,313.0,1522,35.8,133
4150,L51329,L,301.9,310.4,1603,37.6,69
1145,L48324,L,297.0,307.9,1296,69.1,153
4249,L51428,L,302.6,311.0,1506,37.2,95
4111,L51290,L,302.0,310.6,1361,46.7,182
463,L47642,L,297.4,308.7,1433,43.4,116
2933,L50112,L,300.9,309.7,1460,42.1,181
4624,L51803,L,303.0,311.1,1525,40.7,179
3814,L50993,L,302.0,310.6,1467,44.9,86
6309,M21168,M,300.8,310.1,1686,26.9,128
4342,L51521,L,301.7,309.8,1398,46.0,109
5301,M20160,M,303.8,313.2,1710,26.5,190
6805,L53984,L,301.0,310.6,1588,33.7,114
3283,L50462,L,301.2,309.9,1515,40.9,21
2575,L49754,L,299.5,309.3,1972,19.3,177
7962,L55141,L,301.0,312.2,1264,59.0,57
7880,M22739,M,300.8,312.3,1535,40.3,71
829,L48008,L,296.5,307.3,1566,37.2,164
6487,L53666,L,300.5,309.8,1939,21.4,164
7600,L54779,L,300.5,311.0,1759,28.3,13
2541,L49720,L,299.1,308.8,1502,38.3,88
5747,M20606,M,302.1,311.5,1635,31.6,23
8527,L55706,L,298.3,309.3,1401,51.9,14
9567,L56746,L,299.8,311.1,1603,35.1,179
3743,L50922,L,302.4,311.4,1564,35.0,122
7499,M22358,M,300.2,311.8,1748,28.5,184
3525,M18384,M,301.8,310.8,1365,48.2,199
21,H29434,H,298.9,309.3,1375,42.7,58
1916,L49095,L,298.0,307.7,1492,38.7,202
6572,M21431,M,301.3,310.6,1378,49.4,173
9019,L56198,L,297.3,308.1,1615,35.4,217
2013,L49192,L,298.6,308.4,1397,46.4,36
5406,L52585,L,302.7,312.4,1444,48.7,9
1296,L48475,L,298.7,309.8,1402,54.3,128
3746,L50925,L,302.6,311.4,1738,25.8,128
592,H30005,H,297.5,309.3,1525,41.7,235
1407,L48586,L,298.9,310.1,1442,48.0,181
222,H29635,H,298.4,308.5,1827,24.3,153
5618,L52797,L,303.1,312.4,1404,61.5,127
6249,L53428,L,300.8,310.1,1405,61.2,189
4419,L51598,L,302.6,310.3,1642,33.2,82
859,M15718,M,296.2,307.0,1516,37.6,25
1784,H31197,H,298.3,308.0,1553,41.0,52
7260,M22119,M,300.4,310.5,1500,43.0,9
6857,M21716,M,301.1,311.3,1836,22.8,31
1955,L49134,L,297.9,307.8,1459,46.9,85
1747,L48926,L,298.4,308.0,1526,41.1,162
3133,L50312,L,300.1,309.5,1557,40.6,59
8037,L55216,L,300.7,311.7,1460,46.1,15
8851,L56030,L,297.6,309.0,1491,43.2,7
995,M15854,M,296.2,307.2,1168,63.4,172
6109,M20968,M,300.8,310.9,1678,28.1,63
731,M15590,M,297.3,308.6,1471,50.7,157
6975,L54154,L,300.7,311.0,1318,48.2,128
6274,L53453,L,301.2,310.8,1711,28.9,38
6752,M21611,M,301.7,311.0,1505,37.1,190
3510,L50689,L,301.8,311.0,1771,27.2,162
3534,L50713,L,302.0,311.0,1563,36.2,8
2514,L49693,L,299.0,308.7,1583,32.5,25
5437,M20296,M,302.9,312.5,1679,30.9,79
3626,M18485,M,302.1,311.4,1467,43.4,33
466,M15325,M,297.3,308.6,1456,42.9,122
6756,M21615,M,301.8,311.1,1663,31.6,199
6760,L53939,L,301.7,311.0,1441,44.3,208
7992,L55171,L,301.1,312.3,1534,39.0,129
158,H29571,H,298.4,308.2,1478,43.5,206
3961,L51140,L,302.2,311.4,1390,48.1,40
8833,L56012,L,297.4,308.8,1651,34.1,163
5471,M20330,M,302.7,312.2,1585,35.5,167
186,L47365,L,298.2,308.2,1446,38.2,61
1003,L48182,L,296.3,307.2,1646,35.0,192
9509,L56688,L,299.2,310.4,1611,36.4,32
5624,L52803,L,302.9,312.3,1578,36.3,141
401,L47580,L,297.4,308.5,2100,16.9,176
6241,M21100,M,301.2,310.7,1394,42.8,168
8941,H38354,H,297.3,308.3,1935,19.3,24
9933,L57112,L,298.3,308.2,1663,28.4,67
7343,M22202,M,299.7,310.3,1661,34.5,6
9833,L57012,L,298.4,309.2,2118,17.7,210
8467,L55646,L,298.7,309.8,1469,38.4,62
8757,L55936,L,297.5,308.7,1761,26.2,164
7959,L55138,L,301.0,312.1,1377,49.9,48
1251,L48430,L,297.3,308.7,1549,36.1,218
3144,H32557,H,300.6,310.0,1419,42.4,90
7431,M22290,M,300.0,311.4,1384,46.1,7
60,L47239,L,298.8,309.1,1378,54.4,165
7856,M22715,M,300.3,311.8,1592,32.1,11
1114,M15973,M,296.6,307.4,1790,25.8,72
3058,L50237,L,300.1,309.1,1400,46.7,77
9570,M24429,M,299.8,311.0,1948,20.0,185
1329,M16188,M,298.8,310.1,1719,28.8,206
4996,L52175,L,303.6,312.6,1540,39.8,21
6683,L53862,L,301.5,310.8,1512,38.9,9
2073,L49252,L,299.6,309.5,1570,35.5,189
4794,H34207,H,303.6,312.6,1498,40.2,155
6830,H36243,H,300.9,310.9,1474,35.7,175
9630,H39043,H,299.0,310.1,2053,19.7,137
8219,L55398,L,299.1,310.5,1485,37.8,46
7568,M22427,M,300.2,311.0,2370,14.7,144
5923,L53102,L,300.5,310.3,1435,43.3,31
1551,L48730,L,298.4,308.9,1638,32.4,109
1010,M15869,M,296.2,307.2,1385,44.0,5
3756,L50935,L,302.3,311.0,1329,51.5,154
8682,L55861,L,297.2,308.4,1605,30.0,183
9343,H38756,H,298.3,308.9,1706,31.8,8
8010,H37423,H,300.9,312.0,2129,17.8,173
3861,L51040,L,302.6,311.5,1427,38.9,213
3149,H32562,H,300.4,309.8,1448,39.7,107
2520,L49699,L,298.8,308.6,1631,32.4,38
3128,L50307,L,300.0,309.5,1717,28.3,48
9085,L56264,L,297.2,307.9,1326,75.4,172
5317,M20176,M,303.6,312.8,1689,33.1,16
1196,M16055,M,297.0,308.0,1408,47.9,54
9051,M23910,M,297.4,308.5,1566,31.4,76
880,L48059,L,295.8,306.3,1337,54.6,87
6990,M21849,M,300.7,311.1,1608,35.3,167
2488,H31901,H,298.9,308.6,1623,31.0,180
2841,H32254,H,300.4,309.4,1487,38.9,185
4330,L51509,L,301.6,310.0,1566,30.3,79
2931,H32344,H,300.7,309.6,1403,51.3,174
6425,M21284,M,300.3,310.0,1409,43.2,9
2486,L49665,L,298.8,308.6,1593,35.5,175
5748,L52927,L,302.1,311.5,1533,39.4,26
884,L48063,L,295.7,306.3,1490,34.3,97
4915,M19774,M,303.5,312.3,1532,41.7,32
6211,L53390,L,300.8,310.5,1434,44.5,89
9579,L56758,L,299.4,310.7,1551,41.2,3
212,L47391,L,298.5,308.7,1575,33.9,128
2276,L49455,L,299.3,308.6,1605,37.0,78
2329,L49508,L,299.3,308.7,1579,36.3,211
4951,M19810,M,303.8,312.7,1919,20.2,131
3320,L50499,L,301.4,310.4,1689,30.6,110
9835,M24694,M,298.3,309.1,1632,32.7,0
4608,L51787,L,303.0,311.1,1980,20.2,137
1439,L48618,L,298.8,309.9,1482,39.1,45
468,L47647,L,297.2,308.5,2182,16.5,127
5467,M20326,M,302.9,312.3,1426,44.7,157
3330,L50509,L,301.6,310.7,1683,29.7,131
5829,L53008,L,301.3,311.1,1504,39.1,2
8608,L55787,L,297.5,308.4,1433,50.0,218
697,M15556,M,297.6,309.0,1815,25.3,66
7268,L54447,L,300.5,310.5,1695,26.7,28
9145,M24004,M,297.5,308.5,1447,41.6,118
8181,M23040,M,299.7,311.2,1616,42.3,180
9939,L57118,L,298.3,308.1,1528,33.9,82
1315,M16174,M,299.0,310.3,1635,34.5,168
2302,M17161,M,299.2,308.6,1586,35.7,138
2040,M16899,M,299.0,308.9,1449,39.6,105
7109,M21968,M,300.8,310.5,1511,35.8,54
3667,M18526,M,302.3,311.6,1608,39.9,136
915,M15774,M,295.4,305.9,1518,40.6,178
13,M14872,M,298.6,309.1,1339,51.1,34
8584,L55763,L,297.4,308.0,1423,38.0,154
6428,L53607,L,300.2,309.8,1418,49.3,16
1537,M16396,M,298.2,308.9,1326,54.4,75
737,L47916,L,296.9,308.3,1555,38.2,175
8202,M23061,M,299.3,310.9,1826,25.1,2
8653,H38066,H,297.3,308.3,1461,41.5,108
454,L47633,L,297.4,308.7,1510,36.2,92
4346,M19205,M,301.8,309.8,1546,39.8,121
928,H30341,H,295.6,306.0,1396,52.4,0
6292,M21151,M,301.1,310.5,1547,35.8,81
8282,H37695,H,298.9,310.6,1519,38.8,213
8723,L55902,L,297.2,308.6,1366,50.4,74
6474,H35887,H,300.4,309.5,1547,50.7,131
38,L47217,L,298.8,309.1,1439,39.2,104
5771,L52950,L,301.6,311.2,1408,42.9,89
2555,L49734,L,299.3,309.1,1531,37.9,127
7633,L54812,L,300.5,311.6,1744,26.8,94
9999,H39412,H,299.0,308.7,1408,48.5,25
6621,M21480,M,301.6,310.7,1791,23.8,81
941,L48120,L,295.6,306.2,1443,48.9,33
7399,M22258,M,299.7,310.7,1498,37.8,146
6129,L53308,L,300.9,311.0,1499,38.0,111
9830,M24689,M,298.4,309.4,1429,41.8,203
2681,L49860,L,299.8,309.5,1641,27.1,16
4355,L51534,L,302.0,309.8,1456,58.1,145
3059,L50238,L,300.0,309.0,1709,32.1,79
7881,H37294,H,300.7,312.4,1457,47.2,74
739,L47918,L,296.8,308.3,1506,45.9,182
539,M15398,M,297.4,309.3,1499,36.8,88
3326,L50505,L,301.5,310.6,1587,33.7,122
4240,L51419,L,302.3,311.0,1446,37.6,75
1401,H30814,H,298.9,310.1,1366,62.7,161
4047,M18906,M,301.9,310.9,1421,46.2,26
5138,L52317,L,304.3,313.5,1464,36.7,194
4230,M19089,M,302.2,310.8,1408,46.8,49
4192,L51371,L,302.4,311.0,1317,59.4,179
9143,L56322,L,297.6,308.5,1678,34.2,114
5539,M20398,M,302.3,311.8,1879,23.0,124
2693,L49872,L,300.1,309.7,1641,30.4,41
5341,L52520,L,303.5,312.7,1393,49.3,82
9918,M24777,M,298.5,308.8,1557,36.0,21
7671,L54850,L,300.5,311.6,1525,37.6,191
9174,H38587,H,297.8,308.9,1650,32.2,195
1808,L48987,L,298.0,307.6,1654,28.9,123
5112,L52291,L,304.1,313.6,1556,37.4,129
3990,L51169,L,302.2,311.3,1602,32.8,120
3456,H32869,H,301.4,310.3,1611,41.5,11
2908,M17767,M,300.6,309.4,1581,35.7,117
6652,M21511,M,301.5,310.4,1276,55.6,158
8288,L55467,L,298.9,310.6,1585,38.1,7
6245,M21104,M,301.0,310.4,1665,30.9,177
2698,L49877,L,300.0,309.6,1618,28.7,53
4017,L51196,L,302.1,310.9,1658,30.3,186
4340,L51519,L,301.7,309.9,1524,46.6,104
4646,L51825,L,303.3,311.4,1732,25.6,232
7740,L54919,L,300.5,311.9,1576,31.1,149
7092,L54271,L,300.6,310.2,1318,51.0,8
4693,M19552,M,303.4,311.4,1606,29.6,122
1740,H31153,H,298.5,307.9,1260,54.2,141
5407,L52586,L,302.7,312.4,1360,47.8,11
4589,L51768,L,302.8,311.0,1564,38.5,85
3126,L50305,L,300.1,309.4,1694,27.4,44
2158,M17017,M,299.4,309.0,1939,19.8,204
5334,M20193,M,303.5,312.6,1405,51.6,62
8637,L55816,L,297.5,308.4,1723,27.3,67
1826,M16685,M,298.0,307.5,1784,27.8,163
4231,L51410,L,302.2,310.8,1673,32.9,52
3488,M18347,M,301.8,310.8,1508,38.8,96
9054,M23913,M,297.4,308.5,1638,32.2,84
9769,L56948,L,298.6,309.6,1611,35.7,23
3648,L50827,L,302.2,311.5,1427,43.8,88
5903,L53082,L,300.9,310.6,1598,35.4,186
6386,L53565,L,300.1,309.7,1410,48.3,118
5639,L52818,L,302.6,312.1,1519,38.1,178
6424,M21283,M,300.3,310.0,1537,37.5,6
7827,L55006,L,299.8,311.1,1300,64.2,165
7744,L54923,L,300.5,311.9,1710,28.4,158
3013,L50192,L,300.4,309.6,1432,44.7,192
7672,M22531,M,300.5,311.6,1456,51.1,193
9549,L56728,L,299.6,311.1,1521,37.2,131
9978,L57157,L,298.6,308.3,1422,40.4,179
3081,M17940,M,299.9,309.2,1539,43.2,132
3521,L50700,L,301.9,311.0,1669,32.2,191
4979,L52158,L,303.6,312.7,1429,47.7,198
7620,L54799,L,300.6,311.5,1459,47.0,63
4348,H33761,H,301.9,309.8,1724,27.5,126
8441,L55620,L,298.6,309.8,1370,56.0,0
1347,L48526,L,298.6,310.1,1533,33.9,24
7088,L54267,L,300.6,310.3,1648,30.5,217
8948,M23807,M,297.3,308.2,1452,38.2,44
5652,M20511,M,302.5,312.0,1447,45.7,210
8082,L55261,L,300.2,311.6,1356,53.5,132
1792,L48971,L,298.1,307.8,1524,40.8,71
7429,M22288,M,300.0,311.4,1864,23.3,2
9580,L56759,L,299.5,310.7,1589,33.5,5
9960,L57139,L,298.1,307.8,1379,49.1,135
2271,L49450,L,299.3,308.6,1437,48.1,67
9767,H39180,H,298.6,309.6,1449,42.5,16
2956,M17815,M,300.7,309.5,1439,43.8,41
3444,L50623,L,301.5,310.5,1535,39.0,204
7736,L54915,L,300.6,312.0,1406,55.1,136
834,L48013,L,296.6,307.4,1616,28.0,175
6499,H35912,H,300.8,309.9,2041,19.2,194
2992,M17851,M,300.5,309.7,1341,50.9,137
7793,H37206,H,300.1,311.4,1485,40.4,75
2151,H31564,H,299.3,308.8,1636,35.5,180
4023,L51202,L,302.1,310.9,1666,30.7,203
7615,L54794,L,300.5,311.4,1432,47.5,51
6124,L53303,L,300.9,310.9,1477,41.5,100
3339,M18198,M,301.6,310.9,1510,40.9,152
4344,L51523,L,301.7,309.8,1491,39.3,114
4464,L51643,L,302.8,310.6,2016,19.9,199
2376,M17235,M,299.2,308.4,1476,32.7,101
9044,L56223,L,297.4,308.4,1343,40.0,61
5571,M20430,M,302.4,312.1,1492,47.7,7
8599,L55778,L,297.6,308.3,1478,42.3,193
8504,L55683,L,298.5,309.8,1468,40.9,157
8880,L56059,L,298.0,309.2,1527,39.5,85
1887,L49066,L,297.9,307.6,1503,40.7,124
1198,M16057,M,296.9,307.9,1441,47.6,60
6427,L53606,L,300.2,309.7,1448,36.8,14
8911,L56090,L,297.1,308.4,1550,37.0,167
2936,M17795,M,300.8,309.7,1680,28.2,189
6342,M21201,M,300.4,309.8,1421,47.2,0
1430,M16289,M,298.9,310.0,1456,43.8,15
6307,L53486,L,301.0,310.4,1563,34.4,124
3650,L50829,L,302.2,311.5,1481,40.4,93
1938,L49117,L,298.2,308.0,1411,42.4,48
5172,M20031,M,304.2,313.4,1329,54.5,75
7764,L54943,L,300.4,311.6,1200,76.6,3
6393,L53572,L,300.1,309.7,1680,33.8,140
1154,H30567,H,297.0,307.9,1448,45.6,172
6250,L53429,L,300.7,310.1,1542,35.5,191
7037,L54216,L,300.7,310.6,1540,52.7,85
4229,L51408,L,302.2,310.8,2203,16.6,47
4975,L52154,L,303.8,312.7,1414,41.7,190
6401,L53580,L,300.1,309.7,1601,35.8,160
3640,L50819,L,302.4,311.6,1622,35.0,68
3972,H33385,H,302.2,311.4,1625,35.4,70
9594,L56773,L,299.1,310.2,1352,52.8,41
3376,M18235,M,301.4,310.6,1459,46.9,27
2487,M17346,M,298.9,308.7,1772,28.4,177
6954,L54133,L,300.8,311.3,1462,41.4,75
606,M15465,M,297.9,309.8,1693,29.9,35
7444,H36857,H,300.1,311.6,1589,37.9,37
5928,L53107,L,300.2,310.1,1649,30.5,43
2454,L49633,L,299.0,308.6,1648,30.8,98
3609,M18468,M,301.7,310.8,1954,21.6,198
1484,L48663,L,298.0,308.9,1578,35.6,153
4519,L51698,L,302.4,310.3,1480,45.8,123
3038,L50217,L,300.5,309.7,1887,24.3,28
9352,L56531,L,298.3,308.8,1645,30.4,33
7692,M22551,M,300.5,311.5,1370,56.1,7
4116,H33529,H,302.0,310.6,1346,54.7,196
1427,M16286,M,298.7,309.7,1622,34.6,8
497,M15356,M,297.5,309.2,1530,40.0,206
3353,L50532,L,301.4,310.8,1610,34.6,187
8794,L55973,L,297.4,308.5,1782,25.9,54
759,L47938,L,296.8,308.0,1497,41.7,231
838,L48017,L,296.6,307.4,1465,47.8,187
4327,L51506,L,301.6,310.1,1362,55.8,70
2128,H31541,H,299.3,309.0,1425,40.6,123
1023,L48202,L,296.2,307.2,1515,36.5,38
8762,L55941,L,297.5,308.8,1417,49.8,177
5614,M20473,M,303.0,312.3,1483,38.8,114
5581,M20440,M,302.6,312.2,1458,38.8,34
1058,L48237,L,296.8,307.8,1573,36.4,126
9542,M24401,M,299.5,310.8,1754,31.3,114
6856,M21715,M,301.1,311.3,1654,30.7,28
7349,H36762,H,299.7,310.3,1462,40.4,19
9045,L56224,L,297.4,308.4,1378,39.9,63
2129,L49308,L,299.4,309.0,1800,24.3,128
2767,M17626,M,299.9,309.4,1889,26.0,6
2109,H31522,H,299.4,309.0,1415,51.7,62
3617,M18476,M,301.8,311.1,1413,42.2,9
1545,L48724,L,298.4,309.0,1474,52.7,95
6914,L54093,L,300.8,311.2,1481,38.5,181
1719,M16578,M,298.2,307.7,1681,31.0,84
7435,L54614,L,300.0,311.4,1508,38.2,18
7365,L54544,L,299.5,309.9,1402,51.7,58
6235,L53414,L,301.2,310.8,1479,41.2,155
725,L47904,L,297.5,308.9,1390,44.6,140
6673,L53852,L,301.6,310.7,1424,50.5,214
8029,L55208,L,300.6,311.8,1501,44.8,226
5492,M20351,M,302.7,312.2,1350,58.6,2
1128,M15987,M,296.7,307.8,1672,32.4,113
2957,M17816,M,300.8,309.6,1404,38.7,44
5156,H34569,H,304.2,313.3,1625,37.3,27
4817,L51996,L,303.4,312.0,1521,35.9,215
6202,M21061,M,301.0,310.9,1510,44.5,66
6224,M21083,M,301.1,310.9,1552,37.9,126
8686,H38099,H,297.2,308.5,1524,41.4,192
7114,L54293,L,300.9,310.4,1561,32.7,67
5275,L52454,L,303.6,313.0,1617,30.9,122
8536,L55715,L,298.6,309.5,1547,44.8,36
3044,L50223,L,300.3,309.5,1551,37.9,42
6912,L54091,L,300.8,311.1,1480,41.1,176
150,L47329,L,298.4,308.3,1473,39.9,184
7574,L54753,L,300.3,311.1,1605,37.1,160
4206,L51385,L,302.3,310.8,1723,26.3,213
5493,M20352,M,302.9,312.4,1334,50.9,5
2690,L49869,L,300.0,309.5,1641,30.1,35
4221,M19080,M,301.9,310.6,1260,65.9,29
9102,H38515,H,297.3,308.2,1653,31.4,9
842,L48021,L,296.6,307.5,1439,45.5,199
8137,M22996,M,299.6,310.9,1474,39.7,64
6438,L53617,L,300.4,310.0,1282,66.1,40
9700,L56879,L,298.8,309.8,1508,36.3,69
6200,L53379,L,300.9,310.9,1497,43.2,62
2795,L49974,L,300.4,309.6,1553,43.9,75
7626,L54805,L,300.6,311.7,1556,34.9,76
8475,M23334,M,298.5,309.7,1523,44.6,83
7890,M22749,M,300.7,312.4,1371,61.7,102
6608,L53787,L,301.5,310.5,1556,39.1,48
9195,L56374,L,297.9,308.9,1393,40.6,45
8248,L55427,L,299.0,310.4,1713,28.0,116
1393,M16252,M,299.0,310.3,1494,46.6,144
1922,L49101,L,298.1,307.9,1665,32.0,7
7019,M21878,M,300.7,310.7,1377,46.7,36
3622,L50801,L,301.9,311.2,1657,29.1,23
4849,H34262,H,303.5,312.0,1397,52.9,80
2292,M17151,M,299.5,308.8,1886,20.9,117
2134,H31547,H,299.3,309.0,1732,29.7,141
551,L47730,L,297.4,309.2,1698,29.4,119
1741,M16600,M,298.5,307.9,1640,33.1,146
5290,M20149,M,303.9,313.3,1507,34.3,161
1818,L48997,L,298.1,307.7,1664,27.6,145
4699,L51878,L,303.4,311.6,1564,41.9,137
5182,L52361,L,304.0,313.1,1720,28.7,106
3019,M17878,M,300.5,309.8,1566,35.9,204
18,M14877,M,298.7,309.2,1410,45.6,47
1771,H31184,H,298.4,307.9,1605,31.0,18
1889,M16748,M,297.8,307.4,1902,24.3,129
2153,M17012,M,299.3,308.8,1648,28.4,188
1643,H31056,H,298.0,307.8,1588,35.4,114
7847,M22706,M,300.2,311.6,1608,35.0,212
4194,L51373,L,302.4,311.1,1634,34.2,184
9433,L56612,L,298.0,308.7,1619,40.1,45
8899,L56078,L,297.4,308.6,1532,38.7,136
534,L47713,L,297.5,309.3,1675,29.8,72
133,M14992,M,298.7,308.4,1441,43.2,132
7723,L54902,L,300.5,311.7,1409,54.7,104
8459,L55638,L,298.7,309.9,1753,26.8,40
965,L48144,L,295.7,306.5,1737,26.2,97
8720,L55899,L,297.2,308.8,1451,43.1,68
6413,L53592,L,300.4,310.0,1423,44.2,189
8286,L55465,L,298.9,310.6,1387,52.7,2
7854,L55033,L,300.3,311.7,1317,56.5,7
1096,L48275,L,296.9,307.5,2721,9.3,18
6930,M21789,M,301.0,311.6,1301,55.0,9
